"X1","Center_start","Center_stop","Contact_Right_start","Contact_Right_stop","Right_start","Right_stop","Left_start","Left_stop","Contact_Left_start","Contact_Left_stop","Unknown_start","Unknown_stop"
1,0,17.067,17.067,17.1,26.9,26.967,89.1,95.133,95.133,96.5,456.5,456.533
2,17.1,17.367,17.367,17.433,30.467,30.733,96.5,96.533,96.533,96.6,13860.331,13867.065
3,17.433,17.467,17.467,17.6,32.967,33.133,96.6,96.633,96.633,96.7,15674.331,15674.431
4,17.6,17.8,17.8,18.167,35.8,36.067,96.7,96.933,96.933,100.833,NA,NA
5,18.167,18.867,18.867,19.567,36.3,36.367,100.833,101.8,113.567,115.2,NA,NA
6,19.567,20.3,20.3,20.567,37.067,37.133,102.5,113.567,116.1,116.833,NA,NA
7,20.567,20.833,20.833,24.633,38,38.033,115.2,116.1,116.867,116.933,NA,NA
8,24.633,24.733,24.733,25.167,39.833,40.233,116.833,116.867,117.1,117.633,NA,NA
9,25.167,26.2,26.2,26.5,46.4,46.5,116.933,117.1,117.733,117.767,NA,NA
10,26.5,26.9,27.033,30.467,47.433,47.467,117.633,117.733,120.2,120.333,NA,NA
11,26.967,27.033,30.733,31.467,47.5,47.9,117.767,120.2,120.4,120.433,NA,NA
12,31.467,31.567,31.567,32.533,47.933,48.367,120.333,120.4,120.567,120.7,NA,NA
13,32.533,32.967,33.233,33.3,48.433,48.467,120.433,120.567,120.733,123.2,NA,NA
14,33.133,33.233,33.333,35.8,62.033,65.167,120.7,120.733,123.233,123.267,NA,NA
15,33.3,33.333,36.067,36.3,71.133,71.667,123.2,123.233,123.3,124.567,NA,NA
16,65.167,71.133,36.367,37.067,72.267,72.533,123.267,123.3,124.667,126.733,NA,NA
17,85.533,89.1,37.133,38,79.367,81.933,124.567,124.667,139.033,139.233,NA,NA
18,101.8,102.5,38.033,39.833,82.2,82.233,126.733,127.767,139.533,139.567,NA,NA
19,127.767,130.8,40.233,46.4,82.267,82.333,138.667,139.033,139.8,139.967,NA,NA
20,130.9,130.933,46.5,47.433,82.7,82.867,139.233,139.533,140.467,141.633,NA,NA
21,130.967,133.167,47.467,47.5,82.933,83.367,139.567,139.8,144.167,144.6,NA,NA
22,137.133,138.667,47.9,47.933,84.167,84.567,139.967,140.467,144.967,145,NA,NA
23,164.2,166.4,48.367,48.433,85.233,85.3,141.633,144.167,145.067,145.167,NA,NA
24,166.433,166.833,48.467,62.033,85.467,85.533,144.6,144.967,145.367,145.4,NA,NA
25,167.433,167.733,71.667,72.267,133.167,134.133,145,145.067,146.167,147.267,NA,NA
26,173.6,176.5,72.533,79.367,134.233,134.267,145.167,145.367,148.2,149.433,NA,NA
27,183.8,184.433,81.933,82.2,134.467,134.533,145.4,146.167,149.5,163.4,NA,NA
28,192.867,202.7,82.233,82.267,136.7,137.133,147.267,148.2,181.233,183.1,NA,NA
29,220.1,221.467,82.333,82.7,167.733,168.5,149.433,149.5,222.6,223.733,NA,NA
30,224.333,224.367,82.867,82.933,168.6,170.267,163.4,164.2,224.2,224.3,NA,NA
31,227.233,244.533,83.367,84.167,170.933,171,176.5,181.233,224.933,224.967,NA,NA
32,251.4,252.167,84.567,85.233,171.167,171.2,183.1,183.8,225.2,225.233,NA,NA
33,318.4,323.8,85.3,85.467,172.6,173.467,221.467,222.6,225.267,225.3,NA,NA
34,360.567,364.167,130.8,130.9,173.533,173.6,223.733,224.2,225.367,225.4,NA,NA
35,383.567,386.967,130.933,130.967,184.433,184.733,224.3,224.333,225.567,225.667,NA,NA
36,395.167,395.967,134.133,134.233,185.5,185.867,224.367,224.933,225.7,225.767,NA,NA
37,442.833,444.2,134.267,134.467,187.5,188.967,224.967,225.2,225.833,225.967,NA,NA
38,448.4,454.733,134.533,136.7,189.833,190,225.233,225.267,226,226.1,NA,NA
39,455,456.5,166.4,166.433,190.367,190.467,225.3,225.367,255.467,255.733,NA,NA
40,456.567,456.6,166.833,167.433,190.7,190.767,225.4,225.567,258.933,259.367,NA,NA
41,456.767,486.133,168.5,168.6,191.033,191.367,225.667,225.7,259.867,261.9,NA,NA
42,491.467,493.1,170.267,170.933,191.867,191.9,225.767,225.833,262,263,NA,NA
43,506.267,509,171,171.167,191.967,192,225.967,226,263.167,263.633,NA,NA
44,510.133,521.433,171.2,172.6,192.133,192.467,226.1,227.233,267.2,267.267,NA,NA
45,542.1,549.8,173.467,173.533,192.767,192.867,252.167,255.467,270.867,270.9,NA,NA
46,561.8,562.433,184.733,185.5,202.7,203.7,255.733,258.933,271.333,272.067,NA,NA
47,575.167,814.667,185.867,187.5,209.167,209.233,259.367,259.867,274.967,275.433,NA,NA
48,840.233,841,188.967,189.833,209.767,209.8,261.9,262,279.733,280.3,NA,NA
49,846.667,853.767,190,190.367,215.867,216.1,263,263.167,280.333,280.433,NA,NA
50,892.9,936.767,190.467,190.7,220.067,220.1,263.633,267.2,288.933,288.967,NA,NA
51,939.1,964.9,190.767,191.033,244.533,245.833,267.267,270.867,289,289.367,NA,NA
52,986.733,987.067,191.367,191.867,246.333,246.533,270.9,271.333,289.5,289.667,NA,NA
53,987.167,987.367,191.9,191.967,246.733,248.167,272.067,274.967,325.167,325.3,NA,NA
54,988.033,996.667,192,192.133,248.6,248.833,275.433,279.733,325.533,326.533,NA,NA
55,1004.567,1033.633,192.467,192.767,251.1,251.4,280.3,280.333,326.767,326.967,NA,NA
56,1059.733,1164.133,203.7,209.167,364.167,364.867,280.433,288.933,327.167,332.7,NA,NA
57,1201.733,1286.567,209.233,209.767,367.4,367.433,288.967,289,332.833,333.033,NA,NA
58,1296.667,1297.667,209.8,215.867,367.467,367.867,289.367,289.5,333.1,356.033,NA,NA
59,1314.667,1315.8,216.1,220.067,368.033,368.133,289.667,318.4,356.4,358.167,NA,NA
60,1327.9,1448.233,245.833,246.333,368.467,368.5,323.8,325.167,358.3,358.567,NA,NA
61,1452.433,1491.633,246.533,246.733,368.533,368.733,325.3,325.533,446.067,446.333,NA,NA
62,1506.367,1507.633,248.167,248.6,372.167,372.3,326.533,326.767,446.533,446.9,NA,NA
63,1511.5,1513.867,248.833,251.1,372.833,373.067,326.967,327.167,551.467,551.567,NA,NA
64,1513.9,1513.933,364.867,367.4,373.167,374.167,332.7,332.833,551.8,553.867,NA,NA
65,1514.933,1515.033,367.433,367.467,374.233,374.267,333.033,333.1,554.2,554.267,NA,NA
66,1515.633,1516.033,367.867,368.033,374.5,374.533,356.033,356.4,554.8,554.867,NA,NA
67,1551.4,1627.8,368.133,368.467,374.8,375,358.167,358.3,560.867,561.533,NA,NA
68,1649.433,1649.533,368.5,368.533,375.967,376.033,358.567,360.567,817.467,817.633,NA,NA
69,1649.567,1649.767,368.733,372.167,376.533,376.667,386.967,395.167,817.767,839.7,NA,NA
70,1655.133,1664,372.3,372.833,377.067,377.3,444.2,446.067,880.2,880.267,NA,NA
71,1665.4,1666.1,373.067,373.167,377.367,377.433,446.333,446.533,880.333,881.033,NA,NA
72,1669.533,1670.467,374.167,374.233,377.467,379.967,446.9,448.4,882.6,892.4,NA,NA
73,1768.033,1786.067,374.267,374.5,380.133,380.2,454.733,455,1171.533,1180.3,NA,NA
74,1788.233,1834.9,374.533,374.8,383.267,383.567,456.533,456.567,1180.433,1197.333,NA,NA
75,1879.8,1957.667,375,375.967,395.967,435.333,456.6,456.767,1198.2,1199.9,NA,NA
76,1964.333,1965.567,376.033,376.533,435.9,436.133,486.133,491.467,1298.3,1301.333,NA,NA
77,2004.433,2012.933,376.667,377.067,437.5,437.6,509,510.133,1311.333,1311.4,NA,NA
78,2013.933,2037.167,377.3,377.367,437.933,438.6,549.8,551.467,1311.533,1312.467,NA,NA
79,2053.567,2053.767,377.433,377.467,438.933,442.833,551.567,551.8,1496.667,1497.3,NA,NA
80,2056.2,2057.533,379.967,380.133,493.1,494.8,553.867,554.2,1497.767,1503.733,NA,NA
81,2060.3,2112.4,380.2,383.267,495.767,496.4,554.267,554.8,1503.767,1504.733,NA,NA
82,2141,2146.267,435.333,435.9,503.467,506.267,554.867,560.867,1504.867,1505.433,NA,NA
83,2171.833,2172.767,436.133,437.5,521.433,542.1,561.533,561.8,1536,1536.233,NA,NA
84,2176.433,2176.9,437.6,437.933,562.433,564.9,814.667,817.467,1664.533,1664.833,NA,NA
85,2230.033,2388.333,438.6,438.933,574.033,574.067,817.633,817.767,1754.4,1755.233,NA,NA
86,2403,2429.2,494.8,495.767,574.367,575.167,839.7,840.233,1759.433,1760,NA,NA
87,2430.067,2500.733,496.4,503.467,841,843.167,853.767,880.2,1836.467,1836.633,NA,NA
88,2501.067,2501.233,564.9,574.033,844.467,844.7,880.267,880.333,1845.267,1845.367,NA,NA
89,2501.333,2501.467,574.067,574.367,844.8,845.133,881.033,882.6,1846.733,1847.033,NA,NA
90,2502.3,2504.933,843.167,844.467,845.433,846.667,892.4,892.9,1847.233,1847.767,NA,NA
91,2519,2519.733,844.7,844.8,964.9,986.733,936.767,939.1,1969.233,1969.3,NA,NA
92,2561.367,2568.033,845.133,845.433,987.067,987.167,996.667,1004.567,1969.5,1969.567,NA,NA
93,2568.767,2570.167,1055.267,1058.933,987.367,988.033,1164.133,1171.533,1969.633,1969.7,NA,NA
94,2609.133,2618.667,1316.9,1320.867,1033.633,1055.267,1180.3,1180.433,1969.767,1969.867,NA,NA
95,2619.1,2619.233,1322.733,1326.567,1058.933,1059.733,1197.333,1198.2,1969.933,1969.967,NA,NA
96,2619.267,2619.9,1628.933,1629.2,1286.567,1296.667,1199.9,1201.733,1970.433,1970.633,NA,NA
97,2620.033,2620.233,1630.967,1631.567,1315.8,1316.9,1297.667,1298.3,1970.667,1970.7,NA,NA
98,2621.467,2638,1632.2,1641.9,1320.867,1322.733,1301.333,1311.333,1970.733,1970.867,NA,NA
99,2638.267,2715.933,1642.3,1644.367,1326.567,1327.9,1311.4,1311.533,1970.933,1970.967,NA,NA
100,2736.967,2925.267,1667,1668.8,1448.233,1452.433,1312.467,1314.667,1971.033,1972.633,NA,NA
101,2928.867,2932.5,1959,1959.533,1627.8,1628.933,1491.633,1496.667,1972.667,1972.933,NA,NA
102,2950.2,3130.1,1959.6,1959.667,1629.2,1630.967,1497.3,1497.767,1973.033,1980.733,NA,NA
103,3199.233,3313.433,1959.967,1960.033,1631.567,1632.2,1503.733,1503.767,1981.933,1983.5,NA,NA
104,3318.9,3326.267,1960.067,1960.1,1641.9,1642.3,1504.733,1504.867,1983.933,1985.7,NA,NA
105,3359.933,3430.1,1960.267,1960.367,1644.367,1649.433,1505.433,1506.367,1986,1986.133,NA,NA
106,3433.067,3440.667,1960.433,1960.467,1649.533,1649.567,1507.633,1511.5,1986.167,1986.4,NA,NA
107,3448.767,3450.667,1960.567,1961.167,1649.767,1655.133,1513.867,1513.9,1986.467,1986.533,NA,NA
108,3450.7,3459.433,1961.2,1961.233,1666.1,1667,1513.933,1514.933,1986.7,1993.233,NA,NA
109,3462.1,3466.233,1961.3,1964.333,1668.8,1669.533,1515.033,1515.633,1993.567,1995.5,NA,NA
110,3485.967,3486.667,2174.5,2174.767,1786.067,1788.233,1516.033,1536,1995.567,1995.6,NA,NA
111,3496.133,3496.933,2397.833,2397.867,1957.667,1959,1536.233,1551.4,1995.933,1999.9,NA,NA
112,3512.767,3541.2,2398.133,2398.367,1959.533,1959.6,1664,1664.533,2000.033,2000.133,NA,NA
113,3541.433,3575.433,2521.067,2521.4,1959.667,1959.967,1664.833,1665.4,2113.233,2119.567,NA,NA
114,3582.067,3592.633,2602.033,2606.167,1960.033,1960.067,1670.467,1754.4,2120.767,2122.4,NA,NA
115,3592.867,3592.967,2606.533,2608.833,1960.1,1960.267,1755.233,1759.433,2131.2,2134.867,NA,NA
116,3608.066,3669.133,3315.167,3315.233,1960.367,1960.433,1760,1768.033,2136.6,2137.833,NA,NA
117,3685.2,3685.633,3317.567,3317.667,1960.467,1960.567,1834.9,1836.467,2137.967,2138.4,NA,NA
118,3695.966,3702.433,3318.4,3318.433,1961.167,1961.2,1836.633,1845.267,2146.4,2146.5,NA,NA
119,3702.533,3702.833,3446.033,3448.4,1961.233,1961.3,1845.367,1846.733,2146.767,2149.433,NA,NA
120,3709,3788.266,3450.667,3450.7,2172.767,2174.5,1847.033,1847.233,2149.5,2150.567,NA,NA
121,3793.1,6382.666,3466.567,3466.833,2174.767,2176.433,1847.767,1879.8,2151.833,2152.033,NA,NA
122,6421.566,6599.5,3466.9,3468.233,2388.333,2397.833,1965.567,1969.233,2152.567,2152.833,NA,NA
123,6640.066,6641.866,3469.033,3469.267,2397.867,2398.133,1969.3,1969.5,2158.233,2162.967,NA,NA
124,6659.133,6660.266,3472.567,3472.6,2398.367,2403,1969.567,1969.633,2163.1,2169.7,NA,NA
125,6660.333,6660.466,3472.767,3472.833,2519.733,2521.067,1969.7,1969.767,2169.833,2170.167,NA,NA
126,6679,6694.066,3472.933,3473.967,2521.4,2561.367,1969.867,1969.933,2170.7,2171.233,NA,NA
127,6710.966,6711.9,3474.233,3474.567,2568.033,2568.767,1969.967,1970.433,2177.433,2178.5,NA,NA
128,6711.966,6712.066,3481.567,3481.8,2570.167,2602.033,1970.633,1970.667,2178.567,2178.633,NA,NA
129,6773.8,6781.6,3481.867,3482.867,2606.167,2606.533,1970.7,1970.733,2178.7,2178.767,NA,NA
130,6842.3,6843.6,3483,3485.367,2608.833,2609.133,1970.867,1970.933,2183.233,2187.3,NA,NA
131,6864.3,6867.533,3485.467,3485.7,2925.267,2928.867,1970.967,1971.033,2222.8,2223,NA,NA
132,6910.1,6911.8,3504.167,3506.767,3313.433,3315.167,1972.633,1972.667,2223.033,2223.167,NA,NA
133,6935.833,6942.5,3506.8,3507,3315.233,3317.567,1972.933,1973.033,2223.367,2223.433,NA,NA
134,6954.6,6972.8,3510.9,3512.567,3317.667,3318.4,1980.733,1981.933,2223.6,2224.833,NA,NA
135,7049.366,7050.033,3578.067,3582,3318.433,3318.9,1983.5,1983.933,2224.867,2229.533,NA,NA
136,7065.966,7202.166,3684.3,3684.766,3440.667,3446.033,1985.7,1986,2500.733,2501.067,NA,NA
137,7202.166,7394.366,3791.066,3791.1,3448.4,3448.767,1986.133,1986.167,2501.233,2501.333,NA,NA
138,7446.999,7449.699,3791.266,3791.366,3466.233,3466.567,1986.4,1986.467,2501.467,2502.3,NA,NA
139,7482.832,9243.632,6383.4,6383.433,3466.833,3466.9,1986.533,1986.7,2505.1,2511.567,NA,NA
140,9266.699,9267.399,6389.966,6390.633,3468.233,3469.033,1993.233,1993.567,2511.867,2514.3,NA,NA
141,13804.398,13812.831,6390.766,6390.9,3469.267,3472.567,1995.5,1995.567,2515.167,2518.767,NA,NA
142,13822.598,13822.665,6391.7,6398.366,3472.6,3472.767,1995.6,1995.933,2618.667,2619.1,NA,NA
143,13822.765,13840.765,6399.6,6407.066,3472.833,3472.933,1999.9,2000.033,2619.233,2619.267,NA,NA
144,13867.065,13870.131,6643.133,6643.6,3473.967,3474.233,2000.133,2004.433,2619.9,2620.033,NA,NA
145,13877.265,13877.865,6643.9,6658.466,3474.567,3481.567,2012.933,2013.933,2620.233,2621.467,NA,NA
146,13886.565,13886.598,6694.566,6696.033,3481.8,3481.867,2037.167,2053.567,2638.067,2638.2,NA,NA
147,13886.731,13909.965,6696.433,6709.6,3482.867,3483,2053.767,2056.2,2728.333,2728.5,NA,NA
148,13916.265,13918.531,6782.233,6782.6,3485.367,3485.467,2057.533,2060.3,2728.567,2728.6,NA,NA
149,13918.831,13919.031,6782.7,6783.7,3485.7,3485.967,2112.4,2113.233,2728.633,2728.967,NA,NA
150,13942.665,14280.565,6783.733,6787.133,3496.933,3504.167,2119.567,2120.767,2729.067,2730.367,NA,NA
151,14280.665,14280.765,6867.966,6869.166,3506.767,3506.8,2122.4,2131.2,2736.233,2736.733,NA,NA
152,14281.765,14282.365,6869.333,6869.966,3507,3510.9,2134.867,2136.6,2946.7,2946.733,NA,NA
153,14306.631,14350.265,6870.133,6870.166,3512.567,3512.767,2137.833,2137.967,2947.067,2948.4,NA,NA
154,14354.131,14404.365,6870.766,6871.533,3575.433,3578.067,2138.4,2141,2948.567,2949.567,NA,NA
155,14404.365,14426.898,6871.733,6871.833,3582,3582.067,2146.267,2146.4,3166.367,3166.8,NA,NA
156,14432.831,14434.231,6873,6873.066,3669.133,3684.3,2146.5,2146.767,3167.233,3167.7,NA,NA
157,14459.365,14459.998,6873.166,6909.866,3684.766,3685.2,2149.433,2149.5,3168.133,3169.467,NA,NA
158,14591.498,14969.298,6943.233,6952.933,3788.266,3791.066,2150.567,2151.833,3169.8,3169.867,NA,NA
159,14984.365,15069.865,7050.5,7065.633,3791.1,3791.266,2152.033,2152.567,3169.933,3170.067,NA,NA
160,15084.798,15085.331,7450.932,7451.366,3791.366,3793.1,2152.833,2158.233,3170.467,3173.6,NA,NA
161,15119.731,15287.031,7451.432,7452.399,6382.666,6383.4,2162.967,2163.1,3176.267,3176.467,NA,NA
162,15297.031,15654.531,7452.432,7482.799,6383.433,6389.966,2169.7,2169.833,3351,3351.6,NA,NA
163,15654.698,15654.998,9244.499,9265.965,6390.633,6390.766,2170.167,2170.7,3353.167,3353.533,NA,NA
164,15655.065,15655.098,13814.798,13821.398,6390.9,6391.7,2171.233,2171.833,3354.833,3359.4,NA,NA
165,15657.898,15659.365,13822.231,13822.531,6398.366,6399.6,2176.9,2177.433,3459.433,3462,NA,NA
166,15659.498,15659.565,13822.665,13822.765,6407.066,6421.566,2178.5,2178.567,3494.6,3494.633,NA,NA
167,15659.631,15659.898,13878.298,13878.465,6641.866,6643.133,2178.633,2178.7,3494.667,3494.933,NA,NA
168,15661.098,15661.565,13878.531,13878.598,6643.6,6643.9,2178.767,2183.233,3495.933,3495.967,NA,NA
169,15672.765,15674.331,13878.665,13880.098,6658.466,6659.133,2187.3,2222.8,3541.2,3541.433,NA,NA
170,15684.765,15778.498,13880.131,13882.065,6694.066,6694.566,2223,2223.033,3592.633,3592.867,NA,NA
171,15779.065,15779.598,13882.165,13882.565,6696.033,6696.433,2223.167,2223.367,3604.4,3604.466,NA,NA
172,15823.731,15892.031,13882.665,13886.131,6709.6,6710.966,2223.433,2223.6,3687.933,3689.966,NA,NA
173,15946.365,15949.665,13886.598,13886.731,6781.6,6782.233,2224.833,2224.867,3690.1,3690.166,NA,NA
174,15970.465,16015.165,13910.298,13910.398,6782.6,6782.7,2229.533,2230.033,3690.3,3693.066,NA,NA
175,16024.098,16024.365,13911.031,13911.265,6783.7,6783.733,2429.2,2430.067,3693.233,3695.066,NA,NA
176,16027.965,16028.031,13911.898,13912.031,6787.133,6842.3,2504.933,2505.1,3695.533,3695.8,NA,NA
177,16028.298,16028.365,13912.098,13912.865,6867.533,6867.966,2511.567,2511.867,3702.433,3702.533,NA,NA
178,16030.765,16075.131,13913.065,13913.165,6869.166,6869.333,2514.3,2515.167,6599.5,6599.766,NA,NA
179,16075.865,16082.665,13913.431,13916.131,6869.966,6870.133,2518.767,2519,6599.966,6603.033,NA,NA
180,16083.931,16100.465,14427.698,14428.698,6870.166,6870.766,2638,2638.067,6603.533,6604.3,NA,NA
181,16106.798,16108.465,14428.731,14431.298,6871.533,6871.733,2638.2,2638.267,6605.066,6605.5,NA,NA
182,16108.931,16108.998,14431.498,14432.198,6871.833,6873,2715.933,2728.333,6606.333,6606.666,NA,NA
183,16109.331,16113.398,14432.265,14432.698,6873.066,6873.166,2728.5,2728.567,6607.033,6607.3,NA,NA
184,16129.165,16132.398,14461.931,14462.365,6909.866,6910.1,2728.6,2728.633,6607.366,6607.6,NA,NA
185,16141.498,16143.898,14463.465,14465.031,6942.5,6943.233,2728.967,2729.067,6607.8,6607.866,NA,NA
186,16190.431,16364.531,14465.198,14469.331,6952.933,6954.6,2730.367,2736.233,6608.833,6610.9,NA,NA
187,16367.298,16390.331,14505.031,14505.331,7050.033,7050.5,2736.733,2736.967,6627.233,6638.7,NA,NA
188,16395.031,16440.598,14505.398,14505.531,7065.633,7065.966,2932.5,2946.7,6639.733,6639.833,NA,NA
189,16451.965,16452.331,14505.598,14506.265,7449.699,7450.932,2946.733,2947.067,6660.266,6660.333,NA,NA
190,16458.231,16570.165,14506.598,14506.998,7451.366,7451.432,2948.4,2948.567,6660.466,6660.833,NA,NA
191,16601.431,18007.565,14507.265,14507.765,7452.399,7452.432,2949.567,2950.2,6662.333,6662.5,NA,NA
192,18007.565,18414.731,14508.198,14508.598,7482.799,7482.832,3130.1,3166.367,6662.6,6669.133,NA,NA
193,NA,NA,14579.298,14582.065,9243.632,9244.499,3166.8,3167.233,6669.2,6669.8,NA,NA
194,NA,NA,15086.331,15086.365,9265.965,9266.699,3167.7,3168.133,6669.866,6678.533,NA,NA
195,NA,NA,15086.598,15086.765,13812.831,13814.798,3169.467,3169.8,6711.9,6711.966,NA,NA
196,NA,NA,15086.798,15086.865,13821.398,13822.231,3169.867,3169.933,6712.366,6712.5,NA,NA
197,NA,NA,15087.165,15087.365,13822.531,13822.598,3170.067,3170.467,6718.266,6720.266,NA,NA
198,NA,NA,15291.998,15292.065,13877.865,13878.298,3173.6,3176.267,6728,6738.1,NA,NA
199,NA,NA,15292.098,15292.165,13878.465,13878.531,3176.467,3199.233,6747,6755.5,NA,NA
200,NA,NA,15892.765,15893.565,13878.598,13878.665,3326.267,3351,6755.633,6765.733,NA,NA
201,NA,NA,16121.531,16124.998,13880.098,13880.131,3351.6,3353.167,6766.2,6773.3,NA,NA
202,NA,NA,16126.365,16126.398,13882.065,13882.165,3353.533,3354.833,6843.6,6847.7,NA,NA
203,NA,NA,16126.431,16127.598,13882.565,13882.665,3359.4,3359.933,6848.3,6848.366,NA,NA
204,NA,NA,16127.665,16128.465,13886.131,13886.565,3430.1,3433.067,6848.433,6849.233,NA,NA
205,NA,NA,16144.298,16144.765,13909.965,13910.298,3462,3462.1,6849.7,6863.233,NA,NA
206,NA,NA,16169.465,16169.931,13910.398,13911.031,3486.667,3494.6,6863.6,6863.966,NA,NA
207,NA,NA,16171.165,16171.431,13911.265,13911.898,3494.633,3494.667,6864.066,6864.2,NA,NA
208,NA,NA,16171.865,16171.998,13912.031,13912.098,3494.933,3495.933,6913.866,6917.6,NA,NA
209,NA,NA,16172.298,16172.565,13912.865,13913.065,3495.967,3496.133,6919.6,6919.966,NA,NA
210,NA,NA,16172.598,16173.065,13913.165,13913.431,3592.967,3598.2,6920.633,6922.166,NA,NA
211,NA,NA,16173.298,16174.731,13916.131,13916.265,3598.2,3604.4,6922.5,6922.633,NA,NA
212,NA,NA,16365.331,16366.798,14426.898,14427.698,3604.466,3608.066,6922.7,6923.666,NA,NA
213,NA,NA,16453.565,16454.031,14428.698,14428.731,3685.633,3687.933,6925.533,6925.933,NA,NA
214,NA,NA,NA,NA,14431.298,14431.498,3689.966,3690.1,6973.833,6973.9,NA,NA
215,NA,NA,NA,NA,14432.198,14432.265,3690.166,3690.3,6973.933,6974.133,NA,NA
216,NA,NA,NA,NA,14432.698,14432.831,3693.066,3693.233,6978.533,7007.166,NA,NA
217,NA,NA,NA,NA,14459.998,14461.931,3695.066,3695.533,7007.366,7008.9,NA,NA
218,NA,NA,NA,NA,14462.365,14463.465,3695.8,3695.966,7009.233,7016.433,NA,NA
219,NA,NA,NA,NA,14465.031,14465.198,3702.833,3709,7017.233,7019.233,NA,NA
220,NA,NA,NA,NA,14469.331,14505.031,6599.766,6599.966,7022.3,7025.3,NA,NA
221,NA,NA,NA,NA,14505.331,14505.398,6603.033,6603.533,7025.366,7025.433,NA,NA
222,NA,NA,NA,NA,14505.531,14505.598,6604.3,6605.066,7025.966,7027.9,NA,NA
223,NA,NA,NA,NA,14506.265,14506.598,6605.5,6606.333,7037.9,7049.366,NA,NA
224,NA,NA,NA,NA,14506.998,14507.265,6606.666,6607.033,7400.266,7403.999,NA,NA
225,NA,NA,NA,NA,14507.765,14508.198,6607.3,6607.366,7404.232,7404.532,NA,NA
226,NA,NA,NA,NA,14508.598,14579.298,6607.6,6607.8,7405.932,7406.132,NA,NA
227,NA,NA,NA,NA,14582.065,14591.498,6607.866,6608.833,7406.666,7408.532,NA,NA
228,NA,NA,NA,NA,15085.331,15086.331,6610.9,6627.233,7409.066,7410.399,NA,NA
229,NA,NA,NA,NA,15086.365,15086.598,6638.7,6639.733,7410.799,7411.599,NA,NA
230,NA,NA,NA,NA,15086.765,15086.798,6639.833,6640.066,7412.999,7413.732,NA,NA
231,NA,NA,NA,NA,15086.865,15087.165,6660.833,6662.333,7413.799,7415.732,NA,NA
232,NA,NA,NA,NA,15087.365,15119.731,6662.5,6662.6,7416.266,7417.732,NA,NA
233,NA,NA,NA,NA,15287.031,15291.998,6669.133,6669.2,7418.732,7419.932,NA,NA
234,NA,NA,NA,NA,15292.065,15292.098,6669.8,6669.866,7420.532,7421.532,NA,NA
235,NA,NA,NA,NA,15292.165,15297.031,6678.533,6679,7422.199,7422.999,NA,NA
236,NA,NA,NA,NA,15674.431,15684.765,6712.066,6712.366,7423.932,7427.599,NA,NA
237,NA,NA,NA,NA,15892.031,15892.765,6712.5,6718.266,7428.132,7434.932,NA,NA
238,NA,NA,NA,NA,15893.565,15946.365,6720.266,6728,7440.566,7440.999,NA,NA
239,NA,NA,NA,NA,16015.165,16024.098,6738.1,6747,7441.299,7442.232,NA,NA
240,NA,NA,NA,NA,16024.365,16027.965,6755.5,6755.633,7442.499,7442.632,NA,NA
241,NA,NA,NA,NA,16028.031,16028.298,6765.733,6766.2,7443.299,7445.132,NA,NA
242,NA,NA,NA,NA,16028.365,16030.765,6773.3,6773.8,9268.065,9268.132,NA,NA
243,NA,NA,NA,NA,16075.131,16075.865,6847.7,6848.3,9268.465,9268.532,NA,NA
244,NA,NA,NA,NA,16082.665,16083.931,6848.366,6848.433,9268.665,9268.799,NA,NA
245,NA,NA,NA,NA,16100.465,16106.798,6849.233,6849.7,9268.932,10802.465,NA,NA
246,NA,NA,NA,NA,16108.465,16108.931,6863.233,6863.6,10802.465,13307.198,NA,NA
247,NA,NA,NA,NA,16108.998,16109.331,6863.966,6864.066,13325.631,13326.998,NA,NA
248,NA,NA,NA,NA,16113.398,16121.531,6864.2,6864.3,13327.031,13792.631,NA,NA
249,NA,NA,NA,NA,16124.998,16126.365,6911.8,6913.866,13871.698,13871.731,NA,NA
250,NA,NA,NA,NA,16126.398,16126.431,6917.6,6919.6,13871.931,13872.731,NA,NA
251,NA,NA,NA,NA,16127.598,16127.665,6919.966,6920.633,13872.865,13873.031,NA,NA
252,NA,NA,NA,NA,16128.465,16129.165,6922.166,6922.5,13873.331,13877.165,NA,NA
253,NA,NA,NA,NA,16143.898,16144.298,6922.633,6922.7,13918.531,13918.831,NA,NA
254,NA,NA,NA,NA,16144.765,16169.465,6923.666,6925.533,13919.065,13920.331,NA,NA
255,NA,NA,NA,NA,16169.931,16171.165,6925.933,6935.833,13921.098,13935.765,NA,NA
256,NA,NA,NA,NA,16171.431,16171.865,6972.8,6973.833,13937.931,13938.198,NA,NA
257,NA,NA,NA,NA,16171.998,16172.298,6973.9,6973.933,13938.331,13938.498,NA,NA
258,NA,NA,NA,NA,16172.565,16172.598,6974.133,6978.533,13939.431,13939.598,NA,NA
259,NA,NA,NA,NA,16173.065,16173.298,7007.166,7007.366,13939.665,13939.765,NA,NA
260,NA,NA,NA,NA,16174.731,16190.431,7008.9,7009.233,13939.898,13940.065,NA,NA
261,NA,NA,NA,NA,16364.531,16365.331,7016.433,7017.233,13940.398,13942.365,NA,NA
262,NA,NA,NA,NA,16366.798,16367.298,7019.233,7022.3,14280.565,14280.665,NA,NA
263,NA,NA,NA,NA,16452.331,16453.565,7025.3,7025.366,14280.765,14281.765,NA,NA
264,NA,NA,NA,NA,16454.031,16458.231,7025.433,7025.966,14286.298,14306.298,NA,NA
265,NA,NA,NA,NA,NA,NA,7027.9,7037.9,14350.665,14350.831,NA,NA
266,NA,NA,NA,NA,NA,NA,7394.366,7400.266,14351.631,14354.031,NA,NA
267,NA,NA,NA,NA,NA,NA,7403.999,7404.232,14434.298,14434.331,NA,NA
268,NA,NA,NA,NA,NA,NA,7404.532,7405.932,14434.365,14434.731,NA,NA
269,NA,NA,NA,NA,NA,NA,7406.132,7406.666,14434.931,14436.031,NA,NA
270,NA,NA,NA,NA,NA,NA,7408.532,7409.066,14436.131,14436.165,NA,NA
271,NA,NA,NA,NA,NA,NA,7410.399,7410.799,14436.198,14440.898,NA,NA
272,NA,NA,NA,NA,NA,NA,7411.599,7412.999,14441.265,14441.298,NA,NA
273,NA,NA,NA,NA,NA,NA,7413.732,7413.799,14441.365,14441.465,NA,NA
274,NA,NA,NA,NA,NA,NA,7415.732,7416.266,14441.965,14450.665,NA,NA
275,NA,NA,NA,NA,NA,NA,7417.732,7418.732,14450.931,14451.831,NA,NA
276,NA,NA,NA,NA,NA,NA,7419.932,7420.532,14454.031,14458.931,NA,NA
277,NA,NA,NA,NA,NA,NA,7421.532,7422.199,14975.665,14975.731,NA,NA
278,NA,NA,NA,NA,NA,NA,7422.999,7423.932,14975.798,14975.898,NA,NA
279,NA,NA,NA,NA,NA,NA,7427.599,7428.132,14976.065,14977.331,NA,NA
280,NA,NA,NA,NA,NA,NA,7434.932,7440.566,14977.565,14977.698,NA,NA
281,NA,NA,NA,NA,NA,NA,7440.999,7441.299,14978.031,14978.198,NA,NA
282,NA,NA,NA,NA,NA,NA,7442.232,7442.499,14978.231,14983.998,NA,NA
283,NA,NA,NA,NA,NA,NA,7442.632,7443.299,15069.898,15073.431,NA,NA
284,NA,NA,NA,NA,NA,NA,7445.132,7446.999,15074.465,15077.365,NA,NA
285,NA,NA,NA,NA,NA,NA,9267.399,9268.065,15077.431,15082.765,NA,NA
286,NA,NA,NA,NA,NA,NA,9268.132,9268.465,15083.298,15083.398,NA,NA
287,NA,NA,NA,NA,NA,NA,9268.532,9268.665,15084.165,15084.231,NA,NA
288,NA,NA,NA,NA,NA,NA,9268.799,9268.932,15084.331,15084.398,NA,NA
289,NA,NA,NA,NA,NA,NA,13307.198,13325.631,15084.498,15084.631,NA,NA
290,NA,NA,NA,NA,NA,NA,13326.998,13327.031,15654.531,15654.698,NA,NA
291,NA,NA,NA,NA,NA,NA,13792.631,13804.398,15654.998,15655.065,NA,NA
292,NA,NA,NA,NA,NA,NA,13840.765,13860.331,15655.098,15657.898,NA,NA
293,NA,NA,NA,NA,NA,NA,13870.131,13871.698,15659.365,15659.498,NA,NA
294,NA,NA,NA,NA,NA,NA,13871.731,13871.931,15659.565,15659.631,NA,NA
295,NA,NA,NA,NA,NA,NA,13872.731,13872.865,15659.898,15661.098,NA,NA
296,NA,NA,NA,NA,NA,NA,13873.031,13873.331,15661.898,15668.765,NA,NA
297,NA,NA,NA,NA,NA,NA,13877.165,13877.265,15778.498,15779.065,NA,NA
298,NA,NA,NA,NA,NA,NA,13919.031,13919.065,15779.698,15780.265,NA,NA
299,NA,NA,NA,NA,NA,NA,13920.331,13921.098,15781.565,15786.398,NA,NA
300,NA,NA,NA,NA,NA,NA,13935.765,13937.931,15786.598,15793.831,NA,NA
301,NA,NA,NA,NA,NA,NA,13938.198,13938.331,15793.965,15818.765,NA,NA
302,NA,NA,NA,NA,NA,NA,13938.498,13939.431,15954.131,15954.331,NA,NA
303,NA,NA,NA,NA,NA,NA,13939.598,13939.665,15954.465,15954.498,NA,NA
304,NA,NA,NA,NA,NA,NA,13939.765,13939.898,15954.531,15954.598,NA,NA
305,NA,NA,NA,NA,NA,NA,13940.065,13940.398,15955.098,15955.131,NA,NA
306,NA,NA,NA,NA,NA,NA,13942.365,13942.665,15955.198,15956.998,NA,NA
307,NA,NA,NA,NA,NA,NA,14282.365,14286.298,15957.898,15958.231,NA,NA
308,NA,NA,NA,NA,NA,NA,14306.298,14306.631,15959.298,15960.631,NA,NA
309,NA,NA,NA,NA,NA,NA,14350.265,14350.665,15967.198,15967.465,NA,NA
310,NA,NA,NA,NA,NA,NA,14350.831,14351.631,16134.565,16136.731,NA,NA
311,NA,NA,NA,NA,NA,NA,14354.031,14354.131,16136.831,16137.531,NA,NA
312,NA,NA,NA,NA,NA,NA,14434.231,14434.298,16138.198,16139.465,NA,NA
313,NA,NA,NA,NA,NA,NA,14434.331,14434.365,16139.565,16141.298,NA,NA
314,NA,NA,NA,NA,NA,NA,14434.731,14434.931,16390.465,16390.931,NA,NA
315,NA,NA,NA,NA,NA,NA,14436.031,14436.131,16391.165,16391.331,NA,NA
316,NA,NA,NA,NA,NA,NA,14436.165,14436.198,16391.798,16391.865,NA,NA
317,NA,NA,NA,NA,NA,NA,14440.898,14441.265,16391.931,16392.265,NA,NA
318,NA,NA,NA,NA,NA,NA,14441.298,14441.365,16392.365,16392.765,NA,NA
319,NA,NA,NA,NA,NA,NA,14441.465,14441.965,16393.265,16393.998,NA,NA
320,NA,NA,NA,NA,NA,NA,14450.665,14450.931,16394.231,16394.998,NA,NA
321,NA,NA,NA,NA,NA,NA,14451.831,14454.031,16440.598,16441.431,NA,NA
322,NA,NA,NA,NA,NA,NA,14458.931,14459.365,16441.498,16441.631,NA,NA
323,NA,NA,NA,NA,NA,NA,14969.298,14975.665,16444.098,16451.965,NA,NA
324,NA,NA,NA,NA,NA,NA,14975.731,14975.798,16577.965,16579.031,NA,NA
325,NA,NA,NA,NA,NA,NA,14975.898,14976.065,16580.031,16584.231,NA,NA
326,NA,NA,NA,NA,NA,NA,14977.331,14977.565,16584.965,16601.231,NA,NA
327,NA,NA,NA,NA,NA,NA,14977.698,14978.031,18415.298,21600,NA,NA
328,NA,NA,NA,NA,NA,NA,14978.198,14978.231,21600,21600,NA,NA
329,NA,NA,NA,NA,NA,NA,14983.998,14984.365,NA,NA,NA,NA
330,NA,NA,NA,NA,NA,NA,15069.865,15069.898,NA,NA,NA,NA
331,NA,NA,NA,NA,NA,NA,15073.431,15074.465,NA,NA,NA,NA
332,NA,NA,NA,NA,NA,NA,15077.365,15077.431,NA,NA,NA,NA
333,NA,NA,NA,NA,NA,NA,15082.765,15083.298,NA,NA,NA,NA
334,NA,NA,NA,NA,NA,NA,15083.398,15084.165,NA,NA,NA,NA
335,NA,NA,NA,NA,NA,NA,15084.231,15084.331,NA,NA,NA,NA
336,NA,NA,NA,NA,NA,NA,15084.398,15084.498,NA,NA,NA,NA
337,NA,NA,NA,NA,NA,NA,15084.631,15084.798,NA,NA,NA,NA
338,NA,NA,NA,NA,NA,NA,15661.565,15661.898,NA,NA,NA,NA
339,NA,NA,NA,NA,NA,NA,15668.765,15672.765,NA,NA,NA,NA
340,NA,NA,NA,NA,NA,NA,15779.598,15779.698,NA,NA,NA,NA
341,NA,NA,NA,NA,NA,NA,15780.265,15781.565,NA,NA,NA,NA
342,NA,NA,NA,NA,NA,NA,15786.398,15786.598,NA,NA,NA,NA
343,NA,NA,NA,NA,NA,NA,15793.831,15793.965,NA,NA,NA,NA
344,NA,NA,NA,NA,NA,NA,15818.765,15823.731,NA,NA,NA,NA
345,NA,NA,NA,NA,NA,NA,15949.665,15954.131,NA,NA,NA,NA
346,NA,NA,NA,NA,NA,NA,15954.331,15954.465,NA,NA,NA,NA
347,NA,NA,NA,NA,NA,NA,15954.498,15954.531,NA,NA,NA,NA
348,NA,NA,NA,NA,NA,NA,15954.598,15955.098,NA,NA,NA,NA
349,NA,NA,NA,NA,NA,NA,15955.131,15955.198,NA,NA,NA,NA
350,NA,NA,NA,NA,NA,NA,15956.998,15957.898,NA,NA,NA,NA
351,NA,NA,NA,NA,NA,NA,15958.231,15959.298,NA,NA,NA,NA
352,NA,NA,NA,NA,NA,NA,15960.631,15967.198,NA,NA,NA,NA
353,NA,NA,NA,NA,NA,NA,15967.465,15970.465,NA,NA,NA,NA
354,NA,NA,NA,NA,NA,NA,16132.398,16134.565,NA,NA,NA,NA
355,NA,NA,NA,NA,NA,NA,16136.731,16136.831,NA,NA,NA,NA
356,NA,NA,NA,NA,NA,NA,16137.531,16138.198,NA,NA,NA,NA
357,NA,NA,NA,NA,NA,NA,16139.465,16139.565,NA,NA,NA,NA
358,NA,NA,NA,NA,NA,NA,16141.298,16141.498,NA,NA,NA,NA
359,NA,NA,NA,NA,NA,NA,16390.331,16390.465,NA,NA,NA,NA
360,NA,NA,NA,NA,NA,NA,16390.931,16391.165,NA,NA,NA,NA
361,NA,NA,NA,NA,NA,NA,16391.331,16391.798,NA,NA,NA,NA
362,NA,NA,NA,NA,NA,NA,16391.865,16391.931,NA,NA,NA,NA
363,NA,NA,NA,NA,NA,NA,16392.265,16392.365,NA,NA,NA,NA
364,NA,NA,NA,NA,NA,NA,16392.765,16393.265,NA,NA,NA,NA
365,NA,NA,NA,NA,NA,NA,16393.998,16394.231,NA,NA,NA,NA
366,NA,NA,NA,NA,NA,NA,16394.998,16395.031,NA,NA,NA,NA
367,NA,NA,NA,NA,NA,NA,16441.431,16441.498,NA,NA,NA,NA
368,NA,NA,NA,NA,NA,NA,16441.631,16444.098,NA,NA,NA,NA
369,NA,NA,NA,NA,NA,NA,16570.165,16577.965,NA,NA,NA,NA
370,NA,NA,NA,NA,NA,NA,16579.031,16580.031,NA,NA,NA,NA
371,NA,NA,NA,NA,NA,NA,16584.231,16584.965,NA,NA,NA,NA
372,NA,NA,NA,NA,NA,NA,16601.231,16601.431,NA,NA,NA,NA
373,NA,NA,NA,NA,NA,NA,18414.731,18415.298,NA,NA,NA,NA
