"X1","Center_start","Center_stop","Left_start","Left_stop","Contact_Left_start","Contact_Left_stop","Right_start","Right_stop","Contact_Right_start","Contact_Right_stop","Unknown_start","Unknown_stop"
1,0,8.9,8.9,25.4,25.4,26.467,1553.5,1553.667,1563.5,1563.6,9386.366,9386.766
2,398.967,405.734,26.467,26.534,26.534,26.6,1553.834,1557.634,1565.1,1565.5,NA,NA
3,406.234,428.334,26.6,26.734,26.734,27.334,1559.134,1563.5,1565.667,1584.634,NA,NA
4,1534.934,1553.5,27.334,27.367,27.367,28.1,1563.6,1565.1,1588.734,1589.234,NA,NA
5,1553.667,1553.834,28.1,28.134,28.134,28.167,1565.5,1565.667,1589.267,1610.634,NA,NA
6,1557.634,1559.134,28.167,28.934,28.934,28.967,1584.634,1588.734,1610.834,1614.834,NA,NA
7,1633.8,1636.034,28.967,29.034,29.034,29.067,1589.234,1589.267,1615.034,1621.3,NA,NA
8,1729.734,1730.867,29.067,29.267,29.267,29.467,1610.634,1610.834,1644.734,1645.434,NA,NA
9,1769.2,1774.634,29.467,29.5,29.5,30,1614.834,1615.034,1646.734,1651.434,NA,NA
10,1819.6,1835,30,30.3,30.3,31.867,1621.3,1633.8,1652.334,1652.367,NA,NA
11,1841.1,1862.934,31.867,31.934,31.934,32.134,1636.034,1644.734,1652.834,1726.467,NA,NA
12,1878.467,1885.367,32.134,32.267,32.267,32.3,1645.434,1646.734,1782.467,1782.867,NA,NA
13,2001.034,2008.134,32.3,32.367,32.367,32.534,1651.434,1652.334,1782.934,1784.4,NA,NA
14,2008.3,2008.4,32.534,32.567,32.567,32.6,1652.367,1652.834,1784.534,1784.9,NA,NA
15,2039.8,2049.934,32.6,32.834,32.834,32.967,1726.467,1729.734,1784.967,1794.7,NA,NA
16,2099.634,2124.367,32.967,33.567,33.567,33.6,1774.634,1782.467,1810.1,1811.767,NA,NA
17,2158.167,2179.267,33.6,34,34,34.034,1782.867,1782.934,1811.8,1812.167,NA,NA
18,2245.834,2303.4,34.034,34.734,34.734,34.9,1784.4,1784.534,1835.3,1841.1,NA,NA
19,2304.434,2305.034,34.9,34.934,34.934,36.734,1784.9,1784.967,1886.1,1886.867,NA,NA
20,2305.734,2323.367,36.734,36.8,36.8,36.9,1794.7,1810.1,1894.134,1894.167,NA,NA
21,2361.534,2363.534,36.9,36.967,36.967,37.334,1811.767,1811.8,1894.2,1894.8,NA,NA
22,2379.134,2385.234,37.334,37.367,37.367,37.5,1812.167,1819.6,1895.234,1895.367,NA,NA
23,2432.134,2462.567,37.5,37.534,37.534,37.567,1835,1835.3,1895.434,1895.5,NA,NA
24,2573.934,2575.434,37.567,37.934,37.934,39.467,1885.367,1886.1,1895.7,1896.034,NA,NA
25,2720.167,2729.5,39.467,39.567,39.567,40.967,1886.867,1894.134,1935.634,1935.734,NA,NA
26,3283.934,3296.067,40.967,41.867,41.867,43.367,1894.167,1894.2,1935.967,1945.167,NA,NA
27,3338,3388,43.367,43.4,43.4,43.534,1894.8,1895.234,1945.267,1947.567,NA,NA
28,3388.034,3388.067,43.534,43.6,43.6,44.634,1895.367,1895.434,1958.467,1972.234,NA,NA
29,3388.1,3388.367,44.634,45.467,45.467,45.5,1895.5,1895.7,1972.367,1972.867,NA,NA
30,3463.734,3539.2,45.5,46.034,46.034,49.234,1896.034,1935.634,2124.767,2129.3,NA,NA
31,3544.9,3571.734,49.234,50.134,50.134,50.267,1935.734,1935.967,2129.334,2129.567,NA,NA
32,3673.934,3699.967,50.267,50.334,50.334,51.567,1945.167,1945.267,2129.667,2138.767,NA,NA
33,3729.2,3834.2,51.567,51.667,51.667,61.7,1947.567,1958.467,2138.867,2141.367,NA,NA
34,3880.767,3883.534,61.7,61.934,61.934,62.867,1972.234,1972.367,2141.4,2142.4,NA,NA
35,4219.6,4220.967,62.867,63.834,63.834,63.967,1972.867,2001.034,2143.467,2152.4,NA,NA
36,4243.7,4272.167,63.967,64.034,64.034,74.067,2049.934,2099.634,2385.4,2405.9,NA,NA
37,4366.567,4391.567,74.067,74.134,74.134,74.434,2124.367,2124.767,2406.9,2409,NA,NA
38,4440.034,4444.534,74.434,74.467,74.467,75.1,2129.3,2129.334,2410.767,2411.034,NA,NA
39,4445,4445.067,75.1,77.567,77.567,77.9,2129.567,2129.667,2411.734,2412.734,NA,NA
40,4445.334,4445.367,77.9,85.6,85.6,88.2,2138.767,2138.867,2422.4,2426.6,NA,NA
41,4445.5,4445.534,88.2,88.7,88.7,88.734,2141.367,2141.4,2575.634,2575.7,NA,NA
42,4455.434,4458.167,88.734,88.767,88.767,88.834,2142.4,2143.467,2575.834,2577.467,NA,NA
43,4489.567,4494.634,88.834,88.867,88.867,89.534,2152.4,2158.167,2587.467,2587.8,NA,NA
44,4542.567,4558.4,89.534,89.567,89.567,90.034,2323.367,2361.534,2587.967,2643.634,NA,NA
45,4563.3,4567.5,90.034,90.1,90.1,90.267,2385.234,2385.4,2643.667,2644.1,NA,NA
46,4570.3,4610.1,90.267,90.3,90.3,91.367,2405.9,2406.9,2644.667,2644.8,NA,NA
47,4738.467,4744.867,91.367,91.4,91.4,92.967,2409,2410.767,3296.434,3300.9,NA,NA
48,4776.367,4783.1,92.967,93,93,93.034,2411.034,2411.734,3305.867,3306.5,NA,NA
49,4809.434,4813.367,93.034,93.7,93.7,100.167,2412.734,2422.4,3306.6,3306.7,NA,NA
50,4884.934,4909.9,100.167,100.4,100.4,100.5,2426.6,2432.134,3307.634,3336,NA,NA
51,4960.1,4961.834,100.5,100.6,100.6,101.4,2575.434,2575.634,3336.9,3337.467,NA,NA
52,5013.934,5023.6,101.4,101.534,101.534,103.9,2575.7,2575.834,3539.234,3539.734,NA,NA
53,5023.767,5024,103.9,103.967,103.967,104.634,2577.467,2587.467,3539.767,3544.9,NA,NA
54,5041.2,5052.567,104.634,105,105,106.034,2587.8,2587.967,3700.1,3700.534,NA,NA
55,5063.834,5067.767,106.034,107.334,107.334,109.067,2643.634,2643.667,3700.634,3702.467,NA,NA
56,5156.6,5159.2,109.067,109.367,109.367,109.467,2644.1,2644.667,3702.7,3716,NA,NA
57,5163.067,5198.9,109.467,110.234,110.234,110.4,2644.8,2720.167,3717.434,3717.667,NA,NA
58,5333.134,5336.434,110.4,110.567,110.567,111.234,3296.067,3296.434,3718.9,3721.6,NA,NA
59,5350.867,5375.867,111.234,111.267,111.267,111.8,3300.9,3305.867,3834.767,3835.1,NA,NA
60,5379.634,5443.467,111.8,111.967,111.967,112,3306.5,3306.6,3835.334,3880.4,NA,NA
61,5598.334,5601.567,112,114.734,114.734,114.834,3306.7,3307.634,4221.7,4243.1,NA,NA
62,6252.767,6254.1,114.834,119.834,119.834,119.9,3336,3336.9,4392.967,4393.234,NA,NA
63,6372.234,6374.934,119.9,119.934,119.934,122.967,3337.467,3338,4393.434,4421.934,NA,NA
64,6867.6,6905.834,122.967,123.3,123.3,128.034,3539.2,3539.234,4509.434,4509.634,NA,NA
65,6915.567,6921.734,128.034,128.1,128.1,129.134,3539.734,3539.767,4509.7,4509.834,NA,NA
66,6947.667,6954.867,129.134,129.667,129.667,143.4,3699.967,3700.1,4521.434,4541.7,NA,NA
67,6961.3,6961.367,143.4,143.434,143.434,144.3,3700.534,3700.634,4745.167,4764.134,NA,NA
68,6961.834,6962.267,144.3,144.367,144.367,144.4,3702.467,3702.7,4827,4827.067,NA,NA
69,6962.434,7033.8,144.4,144.434,144.434,144.534,3716,3717.434,4827.434,4828,NA,NA
70,7855.166,7860.799,144.534,144.667,144.667,144.7,3717.667,3718.9,4828.034,4833.034,NA,NA
71,8252.366,8263.833,144.7,144.967,144.967,147.467,3721.6,3729.2,4833.1,4833.167,NA,NA
72,8370.233,8382.233,147.467,147.667,147.667,147.867,3834.2,3834.767,4833.3,4833.467,NA,NA
73,8388.699,8392.933,147.867,147.9,147.9,147.967,3835.1,3835.334,4834.367,4834.434,NA,NA
74,8476.699,8501.666,147.967,148.7,148.7,151.534,3880.4,3880.767,4834.567,4834.7,NA,NA
75,8531.933,8602.733,151.534,151.834,151.834,161.434,4220.967,4221.7,4835,4835.134,NA,NA
76,8615.166,8625.033,161.434,161.467,161.467,161.534,4243.1,4243.7,4835.267,4835.834,NA,NA
77,8652.799,8718.699,161.534,161.6,161.6,161.834,4391.567,4392.967,4837.2,4838.534,NA,NA
78,8724.166,8725.766,161.834,162.1,162.1,163.167,4393.234,4393.434,4838.667,4838.7,NA,NA
79,8770.299,8783.166,163.167,164.4,164.4,164.6,4421.934,4440.034,4838.934,4839.767,NA,NA
80,8844.699,8846.866,164.6,166.9,166.9,168.1,4494.634,4509.434,4839.8,4840.334,NA,NA
81,8860.799,8894.166,168.1,169.1,169.1,171.767,4509.634,4509.7,4842.334,4842.367,NA,NA
82,8933.566,9001.866,171.767,178,178,178.134,4509.834,4521.434,4842.5,4842.567,NA,NA
83,9014.633,9028.566,178.134,178.667,178.667,179.034,4541.7,4542.567,4844.3,4845.367,NA,NA
84,9033.366,9038.666,179.034,179.4,179.4,179.634,4744.867,4745.167,4847.167,4847.434,NA,NA
85,9126.366,9130.866,179.634,180.9,180.9,182.667,4764.134,4776.367,4851.534,4851.634,NA,NA
86,9288.999,9289.899,182.667,182.7,182.7,183.2,4813.367,4827,4873.3,4873.434,NA,NA
87,9332.366,9347.466,183.2,188.7,188.7,188.767,4827.067,4827.434,4910.934,4920.367,NA,NA
88,9368.366,9371.333,188.767,188.8,188.8,192.1,4828,4828.034,4923.2,4923.667,NA,NA
89,9382.199,9386.366,192.1,226,226,226.067,4833.034,4833.1,4923.934,4925.5,NA,NA
90,9386.833,9414.866,226.067,226.134,226.134,226.6,4833.167,4833.3,4925.634,4926.534,NA,NA
91,9419.333,9420.266,226.6,226.667,226.667,226.7,4833.467,4834.367,4950.534,4950.6,NA,NA
92,9420.333,9420.699,226.7,227.167,227.167,227.267,4834.434,4834.567,4952.8,4952.9,NA,NA
93,9482.866,9490.799,227.267,228.734,228.734,228.767,4834.7,4835,4952.967,4960.034,NA,NA
94,9524.899,9525.533,228.767,228.967,228.967,229.034,4835.134,4835.267,5023.6,5023.767,NA,NA
95,9525.566,9525.666,229.034,229.2,229.2,229.234,4835.834,4837.2,5024.667,5024.7,NA,NA
96,9586.933,9592.666,229.234,229.6,229.6,229.7,4838.534,4838.667,5024.867,5025.5,NA,NA
97,9599.899,9627.633,229.7,230.334,230.334,230.8,4838.7,4838.934,5029.334,5040.9,NA,NA
98,9677.299,9679.766,230.8,231,231,232.9,4839.767,4839.8,5056.267,5056.8,NA,NA
99,9687.299,9692.333,232.9,232.967,232.967,233.167,4840.334,4842.334,5057.067,5057.234,NA,NA
100,10007.833,10010.633,233.167,233.4,233.4,233.7,4842.367,4842.5,5057.434,5057.467,NA,NA
101,10163.633,10190.899,233.7,233.867,233.867,234.234,4842.567,4844.3,5057.867,5058,NA,NA
102,10282.133,10282.999,234.234,234.267,234.267,240.634,4845.367,4847.167,5159.2,5159.234,NA,NA
103,10285.799,10289.099,240.634,289.967,289.967,293,4847.434,4851.534,5159.4,5161.367,NA,NA
104,11423.133,11425.099,293,306.3,306.3,319.467,4851.634,4873.3,5161.434,5162.2,NA,NA
105,11509.466,11510.633,319.467,398.967,429.8,429.834,4873.434,4884.934,5162.367,5163.067,NA,NA
106,11838.166,11847.166,405.734,406.234,430.167,430.2,4909.9,4910.934,5339.734,5340.367,NA,NA
107,11940.699,11941.399,428.334,429.8,430.234,441.234,4920.367,4923.2,5340.467,5343.5,NA,NA
108,12202.766,12203.766,429.834,430.167,441.567,442,4923.667,4923.934,5344.267,5344.3,NA,NA
109,12229.766,12230.899,430.2,430.234,443.267,497.7,4925.5,4925.634,5344.434,5347.034,NA,NA
110,12292.299,12294.599,441.234,441.567,541.334,617,4926.534,4950.534,5349.567,5349.7,NA,NA
111,12311.533,12331.966,442,443.267,623.134,624.967,4950.6,4952.8,5349.834,5350.367,NA,NA
112,12421.966,12423.266,497.7,541.334,717,718.2,4952.9,4952.967,5376.567,5376.667,NA,NA
113,12423.299,12423.699,617,623.134,718.4,727.6,4960.034,4960.1,5376.734,5379.1,NA,NA
114,12513.033,12517.266,624.967,717,770.634,770.667,5024,5024.667,5445.9,5445.934,NA,NA
115,12569.299,12596.566,718.2,718.4,770.7,776.2,5024.7,5024.867,5445.967,5446,NA,NA
116,12623.866,12632.533,727.6,770.634,816,816.267,5025.5,5029.334,5446.167,5446.334,NA,NA
117,12671.266,12701.166,770.667,770.7,816.3,816.334,5040.9,5041.2,5446.467,5446.6,NA,NA
118,12857.466,12858.699,776.2,816,816.434,816.667,5052.567,5056.267,5446.634,5446.667,NA,NA
119,12897.999,12907.699,816.267,816.3,816.7,818.067,5056.8,5057.067,5446.767,5446.8,NA,NA
120,12981.766,12983.766,816.334,816.434,820.767,842.4,5057.234,5057.434,5447.567,5447.9,NA,NA
121,13139.533,13148.833,816.667,816.7,858.5,861.434,5057.467,5057.867,5447.934,5448.6,NA,NA
122,13281.266,13323.966,818.067,820.767,862.367,864.9,5058,5063.834,5448.634,5458.167,NA,NA
123,13519.733,13521.999,842.4,858.5,866.134,878.434,5159.234,5159.4,5458.434,5458.5,NA,NA
124,13579.333,13601.999,861.434,862.367,879.434,879.467,5161.367,5161.434,5458.767,5458.967,NA,NA
125,13713.733,13740.766,864.9,866.134,908.1,941.134,5162.2,5162.367,5459.167,5459.3,NA,NA
126,14010.533,14022.966,878.434,879.434,957.534,957.6,5336.434,5339.734,5459.367,5459.567,NA,NA
127,14100.899,14110.466,879.467,908.1,957.634,989.9,5340.367,5340.467,5459.634,5459.667,NA,NA
128,14160.433,14165.099,941.134,957.534,989.934,992.634,5343.5,5344.267,5459.8,5460.067,NA,NA
129,14263.099,14265.199,957.6,957.634,993.167,993.3,5344.3,5344.434,5460.234,5460.434,NA,NA
130,14268.299,14277.433,989.9,989.934,998.667,999,5347.034,5349.567,5460.567,5460.834,NA,NA
131,14287.266,14306.333,992.634,993.167,999.034,999.267,5349.7,5349.834,5461.034,5462.8,NA,NA
132,14306.633,14309.566,993.3,998.667,1020.334,1020.7,5350.367,5350.867,5494.334,5494.8,NA,NA
133,14312.366,14317.099,999,999.034,1060.167,1060.267,5375.867,5376.567,5494.834,5495.434,NA,NA
134,14317.399,14321.566,999.267,1020.334,1060.4,1060.5,5376.667,5376.734,5495.567,5496.267,NA,NA
135,14322.233,14325.899,1020.7,1060.167,1061.867,1063.667,5379.1,5379.634,5499.167,5499.234,NA,NA
136,14604.399,14605.232,1060.267,1060.4,1063.734,1073.8,5443.467,5445.9,5499.267,5499.8,NA,NA
137,14668.566,14693.599,1060.5,1061.867,1084.967,1108.267,5445.934,5445.967,5502.034,5502.067,NA,NA
138,14796.299,14797.132,1063.667,1063.734,1129.6,1140.434,5446,5446.167,5502.234,5502.367,NA,NA
139,14811.666,14811.799,1073.8,1084.967,1140.834,1144.067,5446.334,5446.467,5502.634,5502.667,NA,NA
140,14812.066,14898.332,1108.267,1129.6,1307.634,1398.5,5446.6,5446.634,5503.867,5504.767,NA,NA
141,14898.666,14898.732,1140.434,1140.834,1416.2,1416.234,5446.667,5446.767,5511.767,5520.167,NA,NA
142,14898.966,14899.066,1144.067,1307.634,1416.267,1416.934,5446.8,5447.567,6255.2,6265.2,NA,NA
143,14899.132,14899.466,1398.5,1416.2,1417,1417.134,5447.9,5447.934,6265.267,6267.4,NA,NA
144,14900.399,14901.232,1416.234,1416.267,1425.067,1425.3,5448.6,5448.634,6289.134,6292.667,NA,NA
145,15599.132,15599.932,1416.934,1417,1425.367,1431.867,5458.167,5458.434,6293.667,6293.767,NA,NA
146,15667.899,15679.399,1417.134,1425.067,1433.767,1438.7,5458.5,5458.767,6294.667,6297.4,NA,NA
147,15682.432,15684.032,1425.3,1425.367,1438.8,1438.934,5458.967,5459.167,6297.834,6306.767,NA,NA
148,15686.466,15700.332,1431.867,1433.767,1439.034,1439.167,5459.3,5459.367,6905.834,6905.867,NA,NA
149,15710.866,15736.832,1438.7,1438.8,1439.267,1439.7,5459.567,5459.634,6905.934,6913.034,NA,NA
150,15900.599,15910.232,1438.934,1439.034,1439.8,1441.034,5459.667,5459.8,6913.067,6913.334,NA,NA
151,15925.932,15955.832,1439.167,1439.267,1469.467,1469.6,5460.067,5460.234,6913.367,6913.467,NA,NA
152,15963.799,15964.332,1439.7,1439.8,1470.134,1470.367,5460.434,5460.567,6913.5,6913.534,NA,NA
153,15966.232,15966.966,1441.034,1469.467,1470.4,1470.734,5460.834,5461.034,6913.834,6914.034,NA,NA
154,15992.699,15993.799,1469.6,1470.134,1472.467,1474.634,5462.8,5494.334,6914.067,6914.7,NA,NA
155,16016.499,16021.766,1470.367,1470.4,1474.667,1474.7,5494.8,5494.834,6914.9,6915.067,NA,NA
156,16022.732,16030.632,1470.734,1472.467,1483.8,1484.567,5495.434,5495.567,6915.1,6915.4,NA,NA
157,16033.299,16034.432,1474.634,1474.667,1497.134,1503.967,5496.267,5499.167,6915.534,6915.567,NA,NA
158,16133.299,16133.432,1474.7,1483.8,1730.934,1731.1,5499.234,5499.267,6954.867,6954.934,NA,NA
159,16133.466,16141.799,1484.567,1497.134,1731.134,1731.334,5499.8,5502.034,6955.034,6955.1,NA,NA
160,16148.866,16150.899,1503.967,1534.934,1732.634,1743.4,5502.067,5502.234,6955.134,6955.3,NA,NA
161,16159.532,16161.532,1730.867,1730.934,1743.634,1750.034,5502.367,5502.634,6955.334,6955.4,NA,NA
162,16164.632,16171.566,1731.1,1731.134,1868.7,1869.134,5502.667,5503.867,6960.567,6961.3,NA,NA
163,16173.066,16177.032,1731.334,1732.634,2008.2,2008.3,5504.767,5511.767,6961.367,6961.834,NA,NA
164,16178.899,16182.032,1743.4,1743.634,2022.1,2023.434,5520.167,5598.334,6962.267,6962.434,NA,NA
165,16183.932,16185.999,1750.034,1769.2,2023.534,2030.3,6254.1,6255.2,7883.199,7884.033,NA,NA
166,16196.066,16200.232,1862.934,1868.7,2215.734,2215.834,6265.2,6265.267,7884.099,7887.299,NA,NA
167,16209.399,16214.266,1869.134,1878.467,2215.867,2221.667,6267.4,6289.134,7906.433,7906.799,NA,NA
168,16217.399,16226.566,2008.134,2008.2,2226.767,2231.9,6292.667,6293.667,7907.233,7912.099,NA,NA
169,16231.732,16232.666,2008.4,2022.1,2238.734,2242.734,6293.767,6294.667,7925.266,7925.533,NA,NA
170,16238.466,16238.899,2023.434,2023.534,2364.167,2365.034,6297.4,6297.834,7948.299,7948.733,NA,NA
171,16260.866,16261.532,2030.3,2039.8,2365.067,2365.734,6306.767,6372.234,7948.866,7949.199,NA,NA
172,16262.666,16276.799,2179.267,2215.734,2373.867,2374.7,6905.867,6905.934,7949.533,7949.666,NA,NA
173,16288.732,16289.566,2215.834,2215.867,2376,2378.434,6913.034,6913.067,7950.266,7950.566,NA,NA
174,16294.332,16298.566,2221.667,2226.767,2378.534,2378.767,6913.334,6913.367,7950.899,7951.099,NA,NA
175,16300.166,16309.199,2231.9,2238.734,2482,2569.034,6913.467,6913.5,7951.399,7951.699,NA,NA
176,16310.866,16312.832,2242.734,2245.834,2729.934,2784.234,6913.534,6913.834,8179.133,8179.333,NA,NA
177,16313.799,16315.266,2303.4,2304.434,2835.7,2835.8,6914.034,6914.067,8242.799,8244.833,NA,NA
178,16330.332,16331.966,2305.034,2305.734,2905.167,2905.867,6914.7,6914.9,8244.966,8245.099,NA,NA
179,16335.299,16335.899,2363.534,2364.167,2906.067,2906.1,6915.067,6915.1,8245.233,8245.366,NA,NA
180,16336.999,16337.832,2365.034,2365.067,2906.267,3229.034,6915.4,6915.534,8382.533,8382.833,NA,NA
181,16347.999,16349.566,2365.734,2373.867,3388,3388.034,6954.934,6955.034,8402.266,8402.333,NA,NA
182,16354.632,16359.099,2374.7,2376,3388.067,3388.1,6955.1,6955.134,8402.366,8402.399,NA,NA
183,16362.899,16365.499,2378.434,2378.534,3388.834,3389.434,6955.3,6955.334,8402.433,8402.633,NA,NA
184,16404.166,16405.866,2378.767,2379.134,3389.8,3390.334,6955.4,6960.567,8402.666,8409.799,NA,NA
185,16449.632,16454.999,2462.567,2482,3390.434,3392.967,7860.799,7883.199,8409.933,8411.066,NA,NA
186,16473.632,16478.632,2569.034,2573.934,3393,3393.6,7884.033,7884.099,8411.799,8412.066,NA,NA
187,16492.166,16493.832,2729.5,2729.934,3395.234,3396.434,7887.299,7906.433,8414.233,8421.066,NA,NA
188,16512.766,16513.799,2784.234,2835.7,3396.534,3396.6,7906.799,7907.233,8423.799,8424.899,NA,NA
189,16516.532,16518.299,2835.8,2905.167,3396.734,3397,7912.099,7925.266,8435.733,8435.799,NA,NA
190,16542.732,16543.866,2905.867,2906.067,3398.734,3400.767,7925.533,7948.299,8465.966,8467.733,NA,NA
191,16546.166,16549.466,2906.1,2906.267,3400.834,3402.1,7948.733,7948.866,8468.033,8468.066,NA,NA
192,16549.532,16549.732,3229.034,3283.934,3409.7,3410.167,7949.199,7949.533,8468.566,8468.766,NA,NA
193,16549.866,16549.899,3388.367,3388.834,3410.3,3411.867,7949.666,7950.266,8468.966,8469.099,NA,NA
194,16550.066,16553.232,3389.434,3389.8,3417.534,3423.4,7950.566,7950.899,8469.499,8469.566,NA,NA
195,16558.199,16566.666,3390.334,3390.434,3424.7,3440.1,7951.099,7951.399,8469.699,8470.033,NA,NA
196,16631.932,16672.999,3392.967,3393,3462.934,3463.634,7951.699,8179.133,8471.533,8471.566,NA,NA
197,16711.366,16713.866,3393.6,3395.234,3588.6,3589.134,8179.333,8242.799,8471.699,8472.466,NA,NA
198,16724.732,16728.032,3396.434,3396.534,3589.167,3589.5,8244.833,8244.966,8788.399,8790.433,NA,NA
199,16762.399,16770.966,3396.6,3396.734,3589.567,3590.167,8245.099,8245.233,8790.633,8802.233,NA,NA
200,17096.232,17096.399,3397,3398.734,3591.934,3595.934,8245.366,8252.366,8840.866,8841.099,NA,NA
201,17114.566,17117.866,3400.767,3400.834,3595.934,3597.567,8382.233,8382.533,8900.833,8900.899,NA,NA
202,17394.432,17413.832,3402.1,3409.7,3612.167,3612.434,8382.833,8388.699,8900.933,8905.966,NA,NA
203,17532.499,17533.166,3410.167,3410.3,3612.5,3623.134,8392.933,8402.266,8923.333,8924.333,NA,NA
204,17537.566,17588.466,3411.867,3417.534,3625.8,3626.667,8402.333,8402.366,8926.066,8926.233,NA,NA
205,17594.766,17595.199,3423.4,3424.7,3627.167,3634.1,8402.399,8402.433,8926.266,8926.299,NA,NA
206,17607.832,17607.932,3440.1,3462.934,3657.834,3658,8402.633,8402.666,8926.399,8926.599,NA,NA
207,17609.166,17609.566,3463.634,3463.734,3658.2,3664,8409.799,8409.933,8926.633,8932.566,NA,NA
208,17609.632,17609.666,3571.734,3588.6,3664.467,3665,8411.066,8411.799,8932.833,8933.433,NA,NA
209,17609.699,17611.099,3589.134,3589.167,4142.867,4151.7,8412.066,8414.233,9038.866,9038.933,NA,NA
210,17626.532,17630.166,3589.5,3589.567,4158.1,4160.367,8421.066,8423.799,9077.966,9078.499,NA,NA
211,17635.032,17644.199,3590.167,3591.934,4171.967,4172,8424.899,8435.733,9084.299,9085.566,NA,NA
212,17661.299,17665.432,3597.567,3612.167,4172.067,4177.334,8435.799,8465.966,9106.633,9107.966,NA,NA
213,17837.666,17839.399,3612.434,3612.5,4178.1,4211.8,8467.733,8468.033,9108.133,9108.166,NA,NA
214,17923.732,17926.732,3623.134,3625.8,4272.567,4285.334,8468.066,8468.566,9108.299,9108.399,NA,NA
215,18106.932,18118.398,3626.667,3627.167,4324.067,4325.067,8468.766,8468.966,9108.433,9112.033,NA,NA
216,18134.998,18136.532,3634.1,3657.834,4331.1,4331.3,8469.099,8469.499,9112.433,9112.966,NA,NA
217,18152.732,18154.998,3658,3658.2,4331.467,4342.234,8469.566,8469.699,9113.499,9122.033,NA,NA
218,18178.398,18193.298,3664,3664.467,4444.534,4445,8470.033,8471.533,9122.933,9123.199,NA,NA
219,18714.698,18731.232,3665,3673.934,4445.067,4445.334,8471.566,8471.699,9310.166,9312.299,NA,NA
220,18747.132,18754.465,3883.534,4142.867,4445.367,4445.5,8472.466,8476.699,9314.699,9316.166,NA,NA
221,18776.832,18777.398,4151.7,4158.1,4445.534,4446.567,8625.033,8652.799,9316.233,9331.233,NA,NA
222,18791.498,18802.398,4160.367,4171.967,4447.234,4455.234,8718.699,8724.166,9420.933,9423.633,NA,NA
223,18819.198,18846.698,4172,4172.067,4463.734,4465.934,8783.166,8788.399,9458.266,9459.299,NA,NA
224,18969.932,18971.898,4177.334,4178.1,4466.134,4466.3,8790.433,8790.633,9473.933,9474.466,NA,NA
225,18974.798,18978.498,4211.8,4219.6,4467.567,4468,8802.233,8840.866,9627.899,9628.299,NA,NA
226,19040.798,19045.331,4272.167,4272.567,4468.034,4468.134,8841.099,8844.699,9631.833,9676.733,NA,NA
227,19076.231,19077.031,4285.334,4324.067,4468.3,4468.634,8846.866,8860.799,9683.599,9683.999,NA,NA
228,19142.365,19151.498,4325.067,4331.1,4469,4470.034,8894.166,8900.833,10195.166,10196.633,NA,NA
229,19210.598,19211.031,4331.3,4331.467,4477.067,4485.3,8900.899,8900.933,10196.766,10196.966,NA,NA
230,19246.931,19248.665,4342.234,4366.567,4485.434,4485.6,8905.966,8923.333,10196.999,10198.433,NA,NA
231,19255.265,19269.265,4446.567,4447.234,4485.667,4486.3,8924.333,8926.066,10279.666,10281.266,NA,NA
232,19290.065,19291.898,4455.234,4455.434,4489.434,4489.467,8926.233,8926.266,11456.466,11508.733,NA,NA
233,19310.331,19312.031,4458.167,4463.734,4615.5,4615.534,8926.299,8926.399,11847.566,11847.699,NA,NA
234,19315.165,19318.931,4465.934,4466.134,4615.6,4721.867,8926.599,8926.633,11884.266,11885.133,NA,NA
235,19339.098,19347.565,4466.3,4467.567,4784.267,4807,8932.566,8932.833,11885.233,11887.733,NA,NA
236,19354.065,19355.998,4468,4468.034,4963.367,4981.234,8933.433,8933.566,11887.766,11887.799,NA,NA
237,19356.665,19364.065,4468.134,4468.3,4983.667,4983.734,9038.666,9038.866,11888.366,11890.266,NA,NA
238,19399.231,19400.298,4468.634,4469,4984.7,4984.734,9038.933,9077.966,11898.966,11904.966,NA,NA
239,19426.365,19430.731,4470.034,4477.067,4985,4985.267,9078.499,9084.299,11906.599,11906.933,NA,NA
240,19443.131,19458.431,4485.3,4485.434,4985.8,4986.1,9085.566,9106.633,11909.599,11909.633,NA,NA
241,19495.565,19496.965,4485.6,4485.667,4987.067,4987.267,9107.966,9108.133,11909.799,11910.933,NA,NA
242,19500.431,19502.265,4486.3,4489.434,4988.234,4988.7,9108.166,9108.299,11913.333,11934.833,NA,NA
243,19509.398,19512.965,4489.467,4489.567,5006.467,5009.5,9108.399,9108.433,12216.966,12217.099,NA,NA
244,19514.298,19524.265,4558.4,4563.3,5010.2,5010.5,9112.033,9112.433,12217.166,12217.366,NA,NA
245,19525.998,19527.098,4567.5,4570.3,5010.6,5011,9112.966,9113.499,12217.433,12218.666,NA,NA
246,19529.798,19538.531,4610.1,4615.5,5072.234,5073.934,9122.033,9122.933,12219.266,12219.866,NA,NA
247,19540.831,19542.565,4615.534,4615.6,5074.267,5074.367,9123.199,9126.366,12219.899,12229.333,NA,NA
248,19741.931,19751.565,4721.867,4738.467,5087.1,5088.734,9289.899,9310.166,12300.599,12301.333,NA,NA
249,19868.398,19874.065,4783.1,4784.267,5099.567,5102.634,9312.299,9314.699,12301.766,12301.799,NA,NA
250,19890.065,19892.431,4807,4809.434,5103.367,5103.834,9316.166,9316.233,12309.966,12310.633,NA,NA
251,20037.631,20049.398,4961.834,4963.367,5103.967,5107.034,9331.233,9332.366,12401.166,12401.799,NA,NA
252,20376.565,20377.265,4981.234,4983.667,5113.867,5113.934,9414.866,9419.333,12416.699,12416.966,NA,NA
253,20398.231,20412.898,4983.734,4984.7,5114.3,5124.634,9420.266,9420.333,12418.233,12419.966,NA,NA
254,20465.165,20481.431,4984.734,4985,5125.034,5125.134,9420.699,9420.933,12420.099,12421.766,NA,NA
255,20660.798,20671.465,4985.267,4985.8,5224.267,5241.8,9423.633,9458.266,12600.166,12600.499,NA,NA
256,NA,NA,4986.1,4987.067,5268.2,5270.367,9459.299,9473.933,12604.999,12605.499,NA,NA
257,NA,NA,4987.267,4988.234,5270.4,5272.067,9474.466,9482.866,12622.699,12622.799,NA,NA
258,NA,NA,4988.7,5006.467,5272.267,5272.967,9627.633,9627.899,12622.866,12623.066,NA,NA
259,NA,NA,5009.5,5010.2,5273,5273.034,9628.299,9631.833,12623.133,12623.333,NA,NA
260,NA,NA,5010.5,5010.6,5273.134,5273.267,9676.733,9677.299,12885.566,12886.066,NA,NA
261,NA,NA,5011,5013.934,5273.567,5274.9,9679.766,9683.599,12985.866,12989.866,NA,NA
262,NA,NA,5067.767,5072.234,5300.4,5300.434,9683.999,9687.299,12989.899,12990.099,NA,NA
263,NA,NA,5073.934,5074.267,5300.7,5300.734,10190.899,10195.166,13102.766,13102.799,NA,NA
264,NA,NA,5074.367,5087.1,5300.834,5310.7,10196.633,10196.766,13102.966,13103.099,NA,NA
265,NA,NA,5088.734,5099.567,5313.3,5313.567,10196.966,10196.999,13103.166,13109.066,NA,NA
266,NA,NA,5102.634,5103.367,5316.267,5317.8,10198.433,10279.666,13115.199,13115.266,NA,NA
267,NA,NA,5103.834,5103.967,5318.634,5320.2,10281.266,10282.133,13115.566,13115.966,NA,NA
268,NA,NA,5107.034,5113.867,5320.234,5320.3,11425.099,11456.466,13116.966,13117.166,NA,NA
269,NA,NA,5113.934,5114.3,5320.567,5320.634,11508.733,11509.466,13117.433,13117.466,NA,NA
270,NA,NA,5124.634,5125.034,5607.567,5607.9,11847.166,11847.566,13117.599,13117.633,NA,NA
271,NA,NA,5125.134,5156.6,5607.934,5608.2,11847.699,11884.266,13117.699,13117.766,NA,NA
272,NA,NA,5198.9,5224.267,5608.4,5608.734,11885.133,11885.233,13117.899,13117.933,NA,NA
273,NA,NA,5241.8,5268.2,5608.8,5608.834,11887.733,11887.766,13118.066,13118.133,NA,NA
274,NA,NA,5270.367,5270.4,5608.867,5610.034,11887.799,11888.366,13118.266,13118.666,NA,NA
275,NA,NA,5272.067,5272.267,5610.2,5612.2,11890.266,11898.966,13119.633,13120.033,NA,NA
276,NA,NA,5272.967,5273,5613.834,5613.867,11904.966,11906.599,13120.133,13120.733,NA,NA
277,NA,NA,5273.034,5273.134,5613.9,5615.3,11906.933,11909.599,13120.966,13121.799,NA,NA
278,NA,NA,5273.267,5273.567,5631.1,5685.734,11909.633,11909.799,13122.299,13122.599,NA,NA
279,NA,NA,5274.9,5300.4,5716.034,5718.1,11910.933,11913.333,13123.899,13127.633,NA,NA
280,NA,NA,5300.434,5300.7,5734.2,5795.1,11934.833,11940.699,13127.666,13131.533,NA,NA
281,NA,NA,5300.734,5300.834,5796.434,5796.934,12203.766,12216.966,13131.633,13132.199,NA,NA
282,NA,NA,5310.7,5313.3,5797.034,5797.5,12217.099,12217.166,13132.233,13132.533,NA,NA
283,NA,NA,5313.567,5316.267,5797.8,5798.067,12217.366,12217.433,13132.699,13132.799,NA,NA
284,NA,NA,5317.8,5318.634,5805.934,5807.6,12218.666,12219.266,13165.299,13166.666,NA,NA
285,NA,NA,5320.2,5320.234,5813.4,5813.434,12219.866,12219.899,13167.933,13169.366,NA,NA
286,NA,NA,5320.3,5320.567,5861.934,6165.1,12229.333,12229.766,13169.566,13173.599,NA,NA
287,NA,NA,5320.634,5333.134,6168.3,6178.134,12294.599,12300.599,13223.299,13223.333,NA,NA
288,NA,NA,5601.567,5607.567,6214.534,6214.867,12301.333,12301.766,13223.599,13223.666,NA,NA
289,NA,NA,5607.9,5607.934,6215.367,6215.634,12301.799,12309.966,13278.433,13279.599,NA,NA
290,NA,NA,5608.2,5608.4,6216.4,6235.634,12310.633,12311.533,13279.699,13280.466,NA,NA
291,NA,NA,5608.734,5608.8,6236.034,6236.1,12331.966,12401.166,13537.966,13555.433,NA,NA
292,NA,NA,5608.834,5608.867,6236.367,6238.767,12401.799,12416.699,13555.599,13555.666,NA,NA
293,NA,NA,5610.034,5610.2,6239.034,6239.234,12416.966,12418.233,13555.933,13556.466,NA,NA
294,NA,NA,5612.2,5613.834,6240.034,6244.5,12419.966,12420.099,13566.733,13566.766,NA,NA
295,NA,NA,5613.867,5613.9,6378.3,6378.467,12421.766,12421.966,13894.899,13894.999,NA,NA
296,NA,NA,5615.3,5631.1,6378.567,6381.667,12596.566,12600.166,13895.233,13895.366,NA,NA
297,NA,NA,5685.734,5716.034,6383.2,6384.2,12600.499,12604.999,13896.299,13900.766,NA,NA
298,NA,NA,5718.1,5734.2,6384.334,6384.367,12605.499,12622.699,13901.233,13901.699,NA,NA
299,NA,NA,5795.1,5796.434,6385,6386.8,12622.799,12622.866,13902.266,13909.866,NA,NA
300,NA,NA,5796.934,5797.034,6386.867,6387.067,12623.066,12623.133,13978.366,13982.033,NA,NA
301,NA,NA,5797.5,5797.8,6387.167,6393.667,12623.333,12623.866,13982.199,13982.466,NA,NA
302,NA,NA,5798.067,5805.934,6393.734,6396.367,12858.699,12885.566,13982.499,13985.033,NA,NA
303,NA,NA,5807.6,5813.4,6400,6400.234,12886.066,12897.999,13985.166,13985.566,NA,NA
304,NA,NA,5813.434,5861.934,6409.867,6410.467,12983.766,12985.866,13985.633,13985.699,NA,NA
305,NA,NA,6165.1,6168.3,6410.867,6418.267,12989.866,12989.899,13985.766,13986.233,NA,NA
306,NA,NA,6178.134,6214.534,6436.334,6440.5,12990.099,13102.766,13986.299,13986.366,NA,NA
307,NA,NA,6214.867,6215.367,6491.434,6501.434,13102.799,13102.966,13986.566,13996.699,NA,NA
308,NA,NA,6215.634,6216.4,6619.234,6619.3,13103.099,13103.166,13997.433,13997.466,NA,NA
309,NA,NA,6235.634,6236.034,6619.4,6640.934,13109.066,13115.199,13997.499,13997.966,NA,NA
310,NA,NA,6236.1,6236.367,6694.667,6694.734,13115.266,13115.566,13998.233,13998.799,NA,NA
311,NA,NA,6238.767,6239.034,6694.934,6695.1,13115.966,13116.966,14000.833,14001.066,NA,NA
312,NA,NA,6239.234,6240.034,6696.8,6697.6,13117.166,13117.433,14001.133,14001.699,NA,NA
313,NA,NA,6244.5,6252.767,6697.7,6710.7,13117.466,13117.599,14001.733,14002.533,NA,NA
314,NA,NA,6374.934,6378.3,7034.634,7034.867,13117.633,13117.699,14004.799,14008.266,NA,NA
315,NA,NA,6378.467,6378.567,7053.534,7144.433,13117.766,13117.899,14116.866,14117.066,NA,NA
316,NA,NA,6381.667,6383.2,7232.699,7354.466,13117.933,13118.066,14117.099,14117.233,NA,NA
317,NA,NA,6384.2,6384.334,7387.599,7566.499,13118.133,13118.266,14117.433,14117.466,NA,NA
318,NA,NA,6384.367,6385,7809.033,7830.999,13118.666,13119.633,14117.499,14118.133,NA,NA
319,NA,NA,6386.8,6386.867,7846.499,7849.999,13120.033,13120.133,14118.533,14118.666,NA,NA
320,NA,NA,6387.067,6387.167,7850.733,7850.966,13120.733,13120.966,14124.333,14129.733,NA,NA
321,NA,NA,6393.667,6393.734,7850.999,7851.033,13121.799,13122.299,14470.999,14473.166,NA,NA
322,NA,NA,6396.367,6400,7851.133,7851.899,13122.599,13123.899,14473.332,14473.499,NA,NA
323,NA,NA,6400.234,6409.867,8291.666,8291.799,13127.633,13127.666,14473.799,14483.866,NA,NA
324,NA,NA,6410.467,6410.867,8291.933,8300.566,13131.533,13131.633,14483.899,14484.766,NA,NA
325,NA,NA,6418.267,6436.334,8365.366,8367.433,13132.199,13132.233,14589.032,14597.466,NA,NA
326,NA,NA,6440.5,6491.434,8367.966,8369.999,13132.533,13132.699,14719.732,14720.599,NA,NA
327,NA,NA,6501.434,6619.234,8370.133,8370.233,13132.799,13139.533,14720.799,14721.532,NA,NA
328,NA,NA,6619.3,6619.4,8502.633,8506.499,13148.833,13165.299,14721.932,14722.066,NA,NA
329,NA,NA,6640.934,6694.667,8735.699,8742.399,13166.666,13167.933,14722.232,14722.999,NA,NA
330,NA,NA,6694.734,6694.934,8743.366,8756.633,13169.366,13169.566,14723.132,14724.732,NA,NA
331,NA,NA,6695.1,6696.8,9002.299,9002.366,13173.599,13223.299,14724.832,14725.166,NA,NA
332,NA,NA,6697.6,6697.7,9002.399,9002.466,13223.333,13223.599,14725.299,14725.466,NA,NA
333,NA,NA,6710.7,6867.6,9002.866,9002.933,13223.666,13278.433,14725.899,14725.999,NA,NA
334,NA,NA,6921.734,6947.667,9008.566,9011.333,13279.599,13279.699,14764.966,14764.999,NA,NA
335,NA,NA,7033.8,7034.634,9032.299,9032.433,13280.466,13281.266,14765.232,14767.332,NA,NA
336,NA,NA,7034.867,7053.534,9142.466,9142.999,13521.999,13537.966,14767.599,14767.732,NA,NA
337,NA,NA,7144.433,7198.733,9143.299,9144.433,13555.433,13555.599,14784.099,14784.232,NA,NA
338,NA,NA,7198.733,7232.699,9145.799,9148.099,13555.666,13555.933,14784.332,14786.199,NA,NA
339,NA,NA,7354.466,7387.599,9269.433,9281.599,13556.466,13566.733,14786.866,14786.932,NA,NA
340,NA,NA,7566.499,7809.033,9352.533,9354.266,13566.766,13579.333,14793.399,14793.666,NA,NA
341,NA,NA,7830.999,7846.499,9357.699,9365.599,13740.766,13894.899,14793.766,14794.332,NA,NA
342,NA,NA,7849.999,7850.733,9366.933,9367.766,13894.999,13895.233,14898.332,14898.666,NA,NA
343,NA,NA,7850.966,7850.999,9491.199,9492.533,13895.366,13896.299,14898.732,14898.966,NA,NA
344,NA,NA,7851.033,7851.133,9510.899,9512.566,13900.766,13901.233,14899.066,14899.132,NA,NA
345,NA,NA,7851.899,7855.166,9515.533,9523.766,13901.699,13902.266,14899.566,14899.832,NA,NA
346,NA,NA,8263.833,8291.666,9527.999,9528.066,13909.866,13978.366,15600.232,15600.266,NA,NA
347,NA,NA,8291.799,8291.933,9528.833,9577.033,13982.033,13982.199,15600.499,15601.332,NA,NA
348,NA,NA,8300.566,8365.366,9787.833,9788.499,13982.466,13982.499,15602.566,15602.666,NA,NA
349,NA,NA,8367.433,8367.966,9788.766,9789.166,13985.033,13985.166,15619.332,15619.499,NA,NA
350,NA,NA,8369.999,8370.133,9789.233,9790.433,13985.566,13985.633,15619.932,15633.932,NA,NA
351,NA,NA,8501.666,8502.633,9831.666,9872.033,13985.699,13985.766,15684.366,15684.666,NA,NA
352,NA,NA,8506.499,8531.933,9873.033,9873.166,13986.233,13986.299,15967.466,15968.732,NA,NA
353,NA,NA,8602.733,8615.166,9880.099,9889.499,13986.366,13986.566,15988.032,15988.866,NA,NA
354,NA,NA,8725.766,8735.699,9891.633,9893.666,13996.699,13997.433,16034.466,16034.732,NA,NA
355,NA,NA,8742.399,8743.366,9910.433,9920.499,13997.466,13997.499,16034.866,16034.932,NA,NA
356,NA,NA,8756.633,8770.299,9920.766,9921.633,13997.966,13998.233,16035.632,16036.232,NA,NA
357,NA,NA,9001.866,9002.299,9927.866,9927.899,13998.799,14000.833,16053.366,16054.599,NA,NA
358,NA,NA,9002.366,9002.399,9927.966,9928.266,14001.066,14001.133,16054.766,16054.899,NA,NA
359,NA,NA,9002.466,9002.866,9928.333,9929.399,14001.699,14001.733,16054.932,16055.099,NA,NA
360,NA,NA,9002.933,9008.566,10011.199,10021.999,14002.533,14004.799,16056.932,16057.432,NA,NA
361,NA,NA,9011.333,9014.633,10022.333,10024.133,14008.266,14010.533,16142.832,16146.966,NA,NA
362,NA,NA,9028.566,9032.299,10024.266,10025.066,14110.466,14116.866,16146.999,16147.799,NA,NA
363,NA,NA,9032.433,9033.366,10026.733,10058.066,14117.066,14117.099,16147.832,16147.899,NA,NA
364,NA,NA,9130.866,9142.466,10058.333,10058.466,14117.233,14117.433,16147.999,16148.132,NA,NA
365,NA,NA,9142.999,9143.299,10059.733,10059.799,14117.466,14117.499,16148.232,16148.532,NA,NA
366,NA,NA,9144.433,9145.799,10059.933,10060.066,14118.133,14118.533,16153.499,16159.232,NA,NA
367,NA,NA,9148.099,9269.433,10060.133,10060.199,14118.666,14124.333,16159.299,16159.466,NA,NA
368,NA,NA,9281.599,9288.999,10151.466,10151.666,14129.733,14160.433,16201.066,16203.799,NA,NA
369,NA,NA,9347.466,9352.533,10155.233,10158.299,14265.199,14268.299,16204.532,16209.399,NA,NA
370,NA,NA,9354.266,9357.699,10289.366,10289.433,14277.433,14287.266,16216.432,16216.766,NA,NA
371,NA,NA,9365.599,9366.933,10289.533,10289.566,14325.899,14400.566,16216.832,16216.899,NA,NA
372,NA,NA,9367.766,9368.366,10557.166,10800.233,14400.566,14470.999,16216.932,16217.399,NA,NA
373,NA,NA,9371.333,9382.199,10800.233,11394.533,14473.166,14473.332,16261.699,16262.499,NA,NA
374,NA,NA,9386.766,9386.833,11511.033,11696.533,14473.499,14473.799,16278.099,16282.366,NA,NA
375,NA,NA,9490.799,9491.199,11711.133,11817.599,14483.866,14483.899,16282.432,16283.032,NA,NA
376,NA,NA,9492.533,9510.899,11819.466,11835.666,14484.766,14589.032,16284.032,16284.832,NA,NA
377,NA,NA,9512.566,9515.533,11941.733,11941.766,14597.466,14604.399,16312.932,16312.999,NA,NA
378,NA,NA,9523.766,9524.899,11941.866,11961.333,14693.599,14719.732,16333.266,16334.099,NA,NA
379,NA,NA,9525.533,9525.566,11962.733,11962.966,14720.599,14720.799,16341.266,16341.799,NA,NA
380,NA,NA,9525.666,9527.999,11963.633,11965.133,14721.532,14721.932,16341.832,16342.799,NA,NA
381,NA,NA,9528.066,9528.833,11967.366,11968.699,14722.066,14722.232,16343.199,16343.599,NA,NA
382,NA,NA,9577.033,9586.933,11969.233,11969.566,14722.999,14723.132,16360.599,16361.566,NA,NA
383,NA,NA,9592.666,9599.899,11991.066,11994.199,14724.732,14724.832,16411.032,16411.132,NA,NA
384,NA,NA,9692.333,9787.833,11994.666,11996.266,14725.166,14725.299,16411.232,16411.332,NA,NA
385,NA,NA,9788.499,9788.766,12008.433,12008.833,14725.466,14725.899,16411.432,16411.466,NA,NA
386,NA,NA,9789.166,9789.233,12009.233,12009.266,14725.999,14764.966,16411.532,16411.566,NA,NA
387,NA,NA,9790.433,9831.666,12013.333,12019.033,14764.999,14765.232,16411.599,16411.732,NA,NA
388,NA,NA,9872.033,9873.033,12025.566,12026.266,14767.332,14767.599,16411.766,16412.532,NA,NA
389,NA,NA,9873.166,9880.099,12026.366,12026.533,14767.732,14784.099,16412.699,16414.866,NA,NA
390,NA,NA,9889.499,9891.633,12026.633,12026.799,14784.232,14784.332,16415.066,16415.266,NA,NA
391,NA,NA,9893.666,9910.433,12026.833,12027.133,14786.199,14786.866,16415.332,16420.199,NA,NA
392,NA,NA,9920.499,9920.766,12178.133,12185.699,14786.932,14793.399,16420.266,16420.399,NA,NA
393,NA,NA,9921.633,9927.866,12231.733,12231.866,14793.666,14793.766,16420.466,16421.332,NA,NA
394,NA,NA,9927.899,9927.966,12232.233,12232.466,14794.332,14796.299,16421.732,16426.566,NA,NA
395,NA,NA,9928.266,9928.333,12247.099,12247.199,14899.466,14899.566,16426.932,16427.199,NA,NA
396,NA,NA,9929.399,10007.833,12247.233,12252.033,14899.832,14900.399,16427.232,16431.099,NA,NA
397,NA,NA,10010.633,10011.199,12270.333,12272.633,15599.932,15600.232,16436.799,16438.966,NA,NA
398,NA,NA,10021.999,10022.333,12291.099,12291.133,15600.266,15600.499,16439.066,16439.466,NA,NA
399,NA,NA,10024.133,10024.266,12291.233,12291.799,15601.332,15602.566,16439.932,16439.999,NA,NA
400,NA,NA,10025.066,10026.733,12423.999,12427.099,15602.666,15619.332,16440.466,16440.532,NA,NA
401,NA,NA,10058.066,10058.333,12432.433,12437.166,15619.499,15619.932,16440.799,16440.866,NA,NA
402,NA,NA,10058.466,10059.733,12503.133,12503.199,15633.932,15667.899,16441.199,16442.366,NA,NA
403,NA,NA,10059.799,10059.933,12503.233,12503.633,15684.032,15684.366,16442.466,16442.966,NA,NA
404,NA,NA,10060.066,10060.133,12518.133,12518.499,15684.666,15686.466,16443.766,16444.266,NA,NA
405,NA,NA,10060.199,10151.466,12520.233,12528.733,15966.966,15967.466,16446.332,16449.332,NA,NA
406,NA,NA,10151.666,10155.233,12549.466,12549.966,15968.732,15988.032,16481.799,16482.599,NA,NA
407,NA,NA,10158.299,10163.633,12550.366,12551.966,15988.866,15992.699,16482.999,16483.866,NA,NA
408,NA,NA,10282.999,10285.799,12551.999,12552.066,16034.432,16034.466,16484.166,16484.499,NA,NA
409,NA,NA,10289.099,10289.366,12555.099,12556.299,16034.732,16034.866,16484.599,16485.032,NA,NA
410,NA,NA,10289.433,10289.533,12556.466,12564.866,16034.932,16035.632,16486.666,16487.366,NA,NA
411,NA,NA,10289.566,10557.166,12632.833,12638.133,16036.232,16053.366,16490.232,16491.799,NA,NA
412,NA,NA,11394.533,11423.133,12811.199,12812.933,16054.599,16054.766,16509.599,16510.399,NA,NA
413,NA,NA,11510.633,11511.033,12813.066,12820.033,16054.899,16054.932,16511.732,16511.999,NA,NA
414,NA,NA,11696.533,11711.133,12820.066,12822.666,16055.099,16056.932,16544.166,16544.199,NA,NA
415,NA,NA,11817.599,11819.466,12822.766,12824.699,16057.432,16133.299,16544.266,16545.632,NA,NA
416,NA,NA,11835.666,11838.166,12825.166,12856.966,16133.432,16133.466,16549.466,16549.532,NA,NA
417,NA,NA,11941.399,11941.733,12908.599,12912.133,16141.799,16142.832,16549.732,16549.866,NA,NA
418,NA,NA,11941.766,11941.866,12916.166,12956.333,16146.966,16146.999,16549.899,16550.066,NA,NA
419,NA,NA,11961.333,11962.733,12957.566,12965.766,16147.799,16147.832,16673.299,16673.366,NA,NA
420,NA,NA,11962.966,11963.633,13327.499,13348.233,16147.899,16147.999,16673.432,16673.532,NA,NA
421,NA,NA,11965.133,11967.366,13350.033,13438.133,16148.132,16148.232,16694.132,16694.199,NA,NA
422,NA,NA,11968.699,11969.233,13438.699,13439.766,16148.532,16148.866,16696.666,16696.866,NA,NA
423,NA,NA,11969.566,11991.066,13440.433,13440.833,16150.899,16153.499,16697.199,16698.532,NA,NA
424,NA,NA,11994.199,11994.666,13441.899,13444.466,16159.232,16159.299,16698.732,16700.332,NA,NA
425,NA,NA,11996.266,12008.433,13445.299,13452.133,16159.466,16159.532,16827.366,16827.699,NA,NA
426,NA,NA,12008.833,12009.233,13452.433,13453.166,16185.999,16196.066,16837.032,16837.466,NA,NA
427,NA,NA,12009.266,12013.333,13454.666,13456.099,16200.232,16201.066,16837.499,16838.399,NA,NA
428,NA,NA,12019.033,12025.566,13456.233,13457.033,16203.799,16204.532,16875.399,16876.099,NA,NA
429,NA,NA,12026.266,12026.366,13457.333,13457.833,16214.266,16216.432,16939.599,16939.766,NA,NA
430,NA,NA,12026.533,12026.633,13458.666,13458.899,16216.766,16216.832,16946.266,16946.666,NA,NA
431,NA,NA,12026.799,12026.833,13459.099,13459.333,16216.899,16216.932,17078.299,17078.332,NA,NA
432,NA,NA,12027.133,12178.133,13481.999,13484.233,16261.532,16261.699,17079.032,17095.599,NA,NA
433,NA,NA,12185.699,12202.766,13496.366,13496.666,16262.499,16262.666,17105.199,17107.366,NA,NA
434,NA,NA,12230.899,12231.733,13498.033,13500.399,16276.799,16278.099,17110.132,17110.199,NA,NA
435,NA,NA,12231.866,12232.233,13639.133,13651.099,16282.366,16282.432,17110.232,17114.532,NA,NA
436,NA,NA,12232.466,12247.099,13654.066,13654.566,16283.032,16284.032,17413.966,17414.132,NA,NA
437,NA,NA,12247.199,12247.233,13654.733,13654.766,16284.832,16288.732,17414.499,17416.532,NA,NA
438,NA,NA,12252.033,12270.333,13668.933,13672.299,16312.832,16312.932,17447.399,17447.666,NA,NA
439,NA,NA,12272.633,12291.099,13677.399,13679.899,16312.999,16313.799,17467.266,17467.399,NA,NA
440,NA,NA,12291.133,12291.233,13680.799,13681.399,16331.966,16333.266,17467.666,17468.166,NA,NA
441,NA,NA,12291.799,12292.299,13681.466,13682.499,16334.099,16335.299,17523.199,17523.299,NA,NA
442,NA,NA,12423.266,12423.299,13704.533,13704.799,16337.832,16341.266,17523.532,17524.599,NA,NA
443,NA,NA,12423.699,12423.999,13705.533,13706.199,16341.799,16341.832,17525.032,17525.332,NA,NA
444,NA,NA,12427.099,12432.433,13706.266,13706.566,16342.799,16343.199,17529.832,17530.166,NA,NA
445,NA,NA,12437.166,12503.133,13706.699,13706.766,16343.599,16347.999,17612.299,17613.532,NA,NA
446,NA,NA,12503.199,12503.233,13708.999,13709.633,16349.566,16354.632,17616.066,17623.666,NA,NA
447,NA,NA,12503.633,12513.033,13709.699,13709.999,16359.099,16360.599,17623.899,17623.932,NA,NA
448,NA,NA,12517.266,12518.133,13710.366,13710.566,16361.566,16362.899,17665.466,17666.066,NA,NA
449,NA,NA,12518.499,12520.233,13710.666,13711.066,16405.866,16411.032,17675.599,17675.766,NA,NA
450,NA,NA,12528.733,12549.466,13711.199,13711.699,16411.132,16411.232,17675.866,17676.032,NA,NA
451,NA,NA,12549.966,12550.366,13712.533,13712.933,16411.332,16411.432,17676.099,17676.732,NA,NA
452,NA,NA,12551.966,12551.999,14023.999,14051.799,16411.466,16411.532,17678.399,17678.666,NA,NA
453,NA,NA,12552.066,12555.099,14065.133,14099.333,16411.566,16411.599,17790.932,17791.866,NA,NA
454,NA,NA,12556.299,12556.466,14165.433,14167.133,16411.732,16411.766,17794.699,17837.599,NA,NA
455,NA,NA,12564.866,12569.299,14178.833,14178.866,16412.532,16412.699,18155.698,18157.198,NA,NA
456,NA,NA,12632.533,12632.833,14178.899,14180.833,16414.866,16415.066,18159.532,18159.965,NA,NA
457,NA,NA,12638.133,12671.266,14181.433,14181.466,16415.266,16415.332,18160.232,18169.132,NA,NA
458,NA,NA,12701.166,12811.199,14183.433,14183.499,16420.199,16420.266,18755.798,18760.765,NA,NA
459,NA,NA,12812.933,12813.066,14184.966,14185.466,16420.399,16420.466,18770.932,18770.998,NA,NA
460,NA,NA,12820.033,12820.066,14208.033,14208.066,16421.332,16421.732,18771.165,18771.198,NA,NA
461,NA,NA,12822.666,12822.766,14249.999,14254.166,16426.566,16426.932,18771.232,18771.698,NA,NA
462,NA,NA,12824.699,12825.166,14309.566,14309.599,16427.199,16427.232,18804.832,18804.898,NA,NA
463,NA,NA,12856.966,12857.466,14309.899,14312.366,16431.099,16436.799,18813.298,18813.465,NA,NA
464,NA,NA,12907.699,12908.599,14317.099,14317.399,16438.966,16439.066,18876.498,18876.565,NA,NA
465,NA,NA,12912.133,12916.166,14609.466,14610.966,16439.466,16439.932,18876.632,18876.698,NA,NA
466,NA,NA,12956.333,12957.566,14611.099,14611.166,16439.999,16440.466,18877.198,18877.232,NA,NA
467,NA,NA,12965.766,12981.766,14611.366,14627.532,16440.532,16440.799,18881.832,18881.898,NA,NA
468,NA,NA,13323.966,13327.499,14636.099,14636.132,16440.866,16441.199,18881.965,18884.032,NA,NA
469,NA,NA,13348.233,13350.033,14636.199,14651.166,16442.366,16442.466,18948.598,18948.732,NA,NA
470,NA,NA,13438.133,13438.699,14654.999,14655.499,16442.966,16443.766,18969.332,18969.532,NA,NA
471,NA,NA,13439.766,13440.433,14809.699,14811.632,16444.266,16446.332,19137.598,19142.265,NA,NA
472,NA,NA,13440.833,13441.899,14811.799,14812.066,16449.332,16449.632,19165.131,19165.365,NA,NA
473,NA,NA,13444.466,13445.299,14901.699,14916.599,16478.632,16481.799,19165.531,19166.498,NA,NA
474,NA,NA,13452.133,13452.433,14916.632,14916.799,16482.599,16482.999,19166.531,19166.698,NA,NA
475,NA,NA,13453.166,13454.666,14917.132,14925.066,16483.866,16484.166,19166.731,19166.765,NA,NA
476,NA,NA,13456.099,13456.233,15043.666,15113.632,16484.499,16484.599,19167.031,19167.398,NA,NA
477,NA,NA,13457.033,13457.333,15127.899,15139.799,16485.032,16486.666,19167.531,19167.698,NA,NA
478,NA,NA,13457.833,13458.666,15251.266,15290.932,16487.366,16490.232,19167.831,19168.698,NA,NA
479,NA,NA,13458.899,13459.099,15394.532,15394.566,16491.799,16492.166,19168.731,19169.331,NA,NA
480,NA,NA,13459.333,13481.999,15394.599,15394.699,16493.832,16509.599,19173.398,19178.498,NA,NA
481,NA,NA,13484.233,13496.366,15395.866,15396.899,16510.399,16511.732,19178.598,19180.031,NA,NA
482,NA,NA,13496.666,13498.033,15430.132,15460.666,16511.999,16512.766,19180.565,19180.798,NA,NA
483,NA,NA,13500.399,13519.733,15467.332,15469.599,16518.299,16542.732,19180.831,19180.965,NA,NA
484,NA,NA,13601.999,13639.133,15485.599,15485.666,16543.866,16544.166,19182.165,19182.631,NA,NA
485,NA,NA,13651.099,13654.066,15485.699,15485.799,16544.199,16544.266,19182.865,19184.231,NA,NA
486,NA,NA,13654.566,13654.733,15486.066,15486.399,16545.632,16546.166,19192.231,19193.965,NA,NA
487,NA,NA,13654.766,13668.933,15486.466,15486.566,16672.999,16673.299,19194.031,19194.331,NA,NA
488,NA,NA,13672.299,13677.399,15486.666,15487.566,16673.366,16673.432,19195.065,19197.465,NA,NA
489,NA,NA,13679.899,13680.799,15487.666,15487.999,16673.532,16694.132,19293.631,19293.831,NA,NA
490,NA,NA,13681.399,13681.466,15488.066,15488.166,16694.199,16696.666,19294.731,19295.531,NA,NA
491,NA,NA,13682.499,13704.533,15488.266,15507.866,16696.866,16697.199,19302.465,19302.931,NA,NA
492,NA,NA,13704.799,13705.533,15508.466,15508.532,16698.532,16698.732,19303.065,19304.931,NA,NA
493,NA,NA,13706.199,13706.266,15508.699,15508.866,16700.332,16711.366,19309.798,19310.298,NA,NA
494,NA,NA,13706.566,13706.699,15509.766,15510.132,16770.966,16827.366,19312.031,19313.565,NA,NA
495,NA,NA,13706.766,13708.999,15541.599,15552.966,16827.699,16837.032,19314.565,19315.031,NA,NA
496,NA,NA,13709.633,13709.699,15553.066,15554.632,16837.466,16837.499,19364.231,19364.298,NA,NA
497,NA,NA,13709.999,13710.366,15555.666,15555.732,16838.399,16875.399,19430.865,19431.531,NA,NA
498,NA,NA,13710.566,13710.666,15555.999,15556.632,16876.099,16939.599,19436.465,19439.898,NA,NA
499,NA,NA,13711.066,13711.199,15556.999,15593.766,16939.766,16946.266,19458.431,19458.965,NA,NA
500,NA,NA,13711.699,13712.533,15701.366,15703.299,16946.666,17078.299,19464.365,19464.431,NA,NA
501,NA,NA,13712.933,13713.733,15843.566,15844.832,17078.332,17079.032,19492.898,19495.065,NA,NA
502,NA,NA,14022.966,14023.999,15844.966,15845.032,17095.599,17096.232,19495.265,19495.531,NA,NA
503,NA,NA,14051.799,14065.133,15845.166,15845.766,17096.399,17105.199,19542.865,19542.898,NA,NA
504,NA,NA,14099.333,14100.899,15846.566,15852.166,17107.366,17110.132,19542.931,19543.331,NA,NA
505,NA,NA,14165.099,14165.433,15852.399,15852.666,17110.199,17110.232,19544.298,19545.731,NA,NA
506,NA,NA,14167.133,14178.833,15852.799,15852.999,17114.532,17114.566,19545.798,19545.931,NA,NA
507,NA,NA,14178.866,14178.899,15853.199,15853.432,17413.832,17413.966,19665.098,19665.265,NA,NA
508,NA,NA,14180.833,14181.433,15853.499,15853.732,17414.132,17414.499,19666.198,19666.265,NA,NA
509,NA,NA,14181.466,14183.433,15854.066,15854.232,17416.532,17447.399,19666.565,19666.765,NA,NA
510,NA,NA,14183.499,14184.966,15854.366,15854.666,17447.666,17467.266,19667.631,19667.831,NA,NA
511,NA,NA,14185.466,14208.033,15854.732,15855.232,17467.399,17467.666,19667.931,19672.098,NA,NA
512,NA,NA,14208.066,14249.999,15855.299,15856.166,17468.166,17523.199,19675.198,19675.265,NA,NA
513,NA,NA,14254.166,14263.099,15856.399,15856.599,17523.299,17523.532,19678.365,19681.031,NA,NA
514,NA,NA,14306.333,14306.633,15856.666,15857.499,17524.599,17525.032,19681.898,19683.931,NA,NA
515,NA,NA,14309.599,14309.899,15857.732,15857.966,17525.332,17529.832,19874.798,19874.865,NA,NA
516,NA,NA,14321.566,14322.233,15858.099,15858.266,17530.166,17532.499,19875.198,19875.698,NA,NA
517,NA,NA,14605.232,14609.466,15858.632,15858.799,17588.466,17594.766,19875.765,19875.831,NA,NA
518,NA,NA,14610.966,14611.099,15859.166,15859.232,17595.199,17607.832,19875.898,19875.965,NA,NA
519,NA,NA,14611.166,14611.366,15860.032,15860.066,17607.932,17609.166,19876.031,19876.231,NA,NA
520,NA,NA,14627.532,14636.099,15860.099,15860.132,17609.566,17609.632,19876.298,19876.431,NA,NA
521,NA,NA,14636.132,14636.199,15994.532,15994.766,17609.666,17609.699,19876.631,19878.865,NA,NA
522,NA,NA,14651.166,14654.999,15997.766,15997.999,17611.099,17612.299,19880.298,19880.331,NA,NA
523,NA,NA,14655.499,14668.566,15998.566,15998.799,17613.532,17616.066,19880.498,19881.031,NA,NA
524,NA,NA,14797.132,14809.699,16012.699,16013.066,17623.666,17623.899,19881.065,19881.098,NA,NA
525,NA,NA,14811.632,14811.666,16013.099,16014.632,17623.932,17626.532,19881.131,19883.865,NA,NA
526,NA,NA,14901.232,14901.699,16227.266,16228.066,17665.432,17665.466,19883.931,19884.198,NA,NA
527,NA,NA,14916.599,14916.632,16229.166,16231.199,17666.066,17675.599,19884.598,19884.631,NA,NA
528,NA,NA,14916.799,14917.132,16233.566,16233.832,17675.766,17675.866,19885.065,19885.831,NA,NA
529,NA,NA,14925.066,15043.666,16245.266,16248.866,17676.032,17676.099,19886.231,19889.798,NA,NA
530,NA,NA,15113.632,15127.899,16248.999,16249.799,17676.732,17678.399,20393.198,20396.665,NA,NA
531,NA,NA,15139.799,15251.266,16316.432,16318.199,17678.666,17790.932,20396.965,20397.565,NA,NA
532,NA,NA,15290.932,15394.532,16321.399,16321.432,17791.866,17794.699,20412.931,20413.331,NA,NA
533,NA,NA,15394.566,15394.599,16323.766,16323.999,17837.599,17837.666,20455.098,20455.165,NA,NA
534,NA,NA,15394.699,15395.866,16324.032,16324.099,18154.998,18155.698,20455.831,20456.165,NA,NA
535,NA,NA,15396.899,15430.132,16324.132,16324.432,18157.198,18159.532,20456.398,20456.931,NA,NA
536,NA,NA,15460.666,15467.332,16325.399,16327.566,18159.965,18160.232,NA,NA,NA,NA
537,NA,NA,15469.599,15485.599,16328.032,16329.166,18169.132,18178.398,NA,NA,NA,NA
538,NA,NA,15485.666,15485.699,16365.832,16366.899,18754.465,18755.798,NA,NA,NA,NA
539,NA,NA,15485.799,15486.066,16455.399,16458.932,18760.765,18770.932,NA,NA,NA,NA
540,NA,NA,15486.399,15486.466,16465.466,16469.466,18770.998,18771.165,NA,NA,NA,NA
541,NA,NA,15486.566,15486.666,16553.532,16555.466,18771.198,18771.232,NA,NA,NA,NA
542,NA,NA,15487.566,15487.666,16566.966,16567.466,18771.698,18776.832,NA,NA,NA,NA
543,NA,NA,15487.999,15488.066,16615.699,16628.766,18802.398,18804.832,NA,NA,NA,NA
544,NA,NA,15488.166,15488.266,16629.366,16631.232,18804.898,18813.298,NA,NA,NA,NA
545,NA,NA,15507.866,15508.466,16728.366,16729.066,18813.465,18819.198,NA,NA,NA,NA
546,NA,NA,15508.532,15508.699,16732.332,16732.499,18846.698,18876.498,NA,NA,NA,NA
547,NA,NA,15508.866,15509.766,16742.666,16743.099,18876.565,18876.632,NA,NA,NA,NA
548,NA,NA,15510.132,15541.599,16743.199,16743.499,18876.698,18877.198,NA,NA,NA,NA
549,NA,NA,15552.966,15553.066,16743.599,16743.766,18877.232,18881.832,NA,NA,NA,NA
550,NA,NA,15554.632,15555.666,16751.199,16757.666,18881.898,18881.965,NA,NA,NA,NA
551,NA,NA,15555.732,15555.999,17134.966,17142.966,18884.032,18948.598,NA,NA,NA,NA
552,NA,NA,15556.632,15556.999,17143.899,17143.966,18948.732,18969.332,NA,NA,NA,NA
553,NA,NA,15593.766,15599.132,17144.232,17145.099,18969.532,18969.932,NA,NA,NA,NA
554,NA,NA,15679.399,15682.432,17145.132,17145.199,19077.031,19137.598,NA,NA,NA,NA
555,NA,NA,15700.332,15701.366,17145.432,17307.932,19142.265,19142.365,NA,NA,NA,NA
556,NA,NA,15703.299,15710.866,17308.466,17386.566,19151.498,19165.131,NA,NA,NA,NA
557,NA,NA,15736.832,15843.566,17388.599,17389.132,19165.365,19165.531,NA,NA,NA,NA
558,NA,NA,15844.832,15844.966,17533.432,17533.699,19166.498,19166.531,NA,NA,NA,NA
559,NA,NA,15845.032,15845.166,17632.499,17634.099,19166.698,19166.731,NA,NA,NA,NA
560,NA,NA,15845.766,15846.566,17634.132,17634.199,19166.765,19167.031,NA,NA,NA,NA
561,NA,NA,15852.166,15852.399,17653.966,17654.999,19167.398,19167.531,NA,NA,NA,NA
562,NA,NA,15852.666,15852.799,17842.499,17842.566,19167.698,19167.831,NA,NA,NA,NA
563,NA,NA,15852.999,15853.199,17843.066,17843.099,19168.698,19168.731,NA,NA,NA,NA
564,NA,NA,15853.432,15853.499,17843.399,17843.566,19169.331,19173.398,NA,NA,NA,NA
565,NA,NA,15853.732,15854.066,17843.766,17844.532,19178.498,19178.598,NA,NA,NA,NA
566,NA,NA,15854.232,15854.366,17844.866,17845.199,19180.031,19180.565,NA,NA,NA,NA
567,NA,NA,15854.666,15854.732,17845.266,17846.566,19180.798,19180.831,NA,NA,NA,NA
568,NA,NA,15855.232,15855.299,17846.599,17847.432,19180.965,19182.165,NA,NA,NA,NA
569,NA,NA,15856.166,15856.399,17849.032,17849.099,19182.631,19182.865,NA,NA,NA,NA
570,NA,NA,15856.599,15856.666,17849.132,17849.799,19184.231,19192.231,NA,NA,NA,NA
571,NA,NA,15857.499,15857.732,17874.199,17879.732,19193.965,19194.031,NA,NA,NA,NA
572,NA,NA,15857.966,15858.099,17879.866,17909.866,19194.331,19195.065,NA,NA,NA,NA
573,NA,NA,15858.266,15858.632,17946.266,17946.566,19197.465,19210.598,NA,NA,NA,NA
574,NA,NA,15858.799,15859.166,17946.832,17950.632,19291.898,19293.631,NA,NA,NA,NA
575,NA,NA,15859.232,15860.032,17950.666,17952.166,19293.831,19294.731,NA,NA,NA,NA
576,NA,NA,15860.066,15860.099,17954.499,17954.966,19295.531,19302.465,NA,NA,NA,NA
577,NA,NA,15860.132,15900.599,17955.232,17955.332,19302.931,19303.065,NA,NA,NA,NA
578,NA,NA,15910.232,15925.932,17955.432,17955.532,19304.931,19309.798,NA,NA,NA,NA
579,NA,NA,15955.832,15963.799,17955.766,17956.232,19310.298,19310.331,NA,NA,NA,NA
580,NA,NA,15964.332,15966.232,17956.266,17956.332,19313.565,19314.565,NA,NA,NA,NA
581,NA,NA,15993.799,15994.532,17957.366,17957.732,19315.031,19315.165,NA,NA,NA,NA
582,NA,NA,15994.766,15997.766,17963.432,17963.732,19355.998,19356.665,NA,NA,NA,NA
583,NA,NA,15997.999,15998.566,17963.966,17964.832,19364.065,19364.231,NA,NA,NA,NA
584,NA,NA,15998.799,16012.699,17965.032,17965.232,19364.298,19399.231,NA,NA,NA,NA
585,NA,NA,16013.066,16013.099,18031.465,18031.865,19430.731,19430.865,NA,NA,NA,NA
586,NA,NA,16014.632,16016.499,18032.165,18039.765,19431.531,19436.465,NA,NA,NA,NA
587,NA,NA,16021.766,16022.732,18195.165,18196.565,19439.898,19443.131,NA,NA,NA,NA
588,NA,NA,16030.632,16033.299,18199.232,18199.565,19458.965,19464.365,NA,NA,NA,NA
589,NA,NA,16161.532,16164.632,18199.932,18200.065,19464.431,19492.898,NA,NA,NA,NA
590,NA,NA,16171.566,16173.066,18200.165,18201.332,19495.065,19495.265,NA,NA,NA,NA
591,NA,NA,16177.032,16178.899,18201.365,18201.598,19495.531,19495.565,NA,NA,NA,NA
592,NA,NA,16182.032,16183.932,18201.798,18201.865,19542.565,19542.865,NA,NA,NA,NA
593,NA,NA,16226.566,16227.266,18202.165,18268.498,19542.898,19542.931,NA,NA,NA,NA
594,NA,NA,16228.066,16229.166,18276.298,18336.698,19543.331,19544.298,NA,NA,NA,NA
595,NA,NA,16231.199,16231.732,18336.998,18337.032,19545.731,19545.798,NA,NA,NA,NA
596,NA,NA,16232.666,16233.566,18337.298,18337.332,19545.931,19665.098,NA,NA,NA,NA
597,NA,NA,16233.832,16238.466,18337.365,18337.532,19665.265,19666.198,NA,NA,NA,NA
598,NA,NA,16238.899,16245.266,18344.932,18344.998,19666.265,19666.565,NA,NA,NA,NA
599,NA,NA,16248.866,16248.999,18345.198,18345.265,19666.765,19667.631,NA,NA,NA,NA
600,NA,NA,16249.799,16260.866,18345.365,18346.132,19667.831,19667.931,NA,NA,NA,NA
601,NA,NA,16289.566,16294.332,18348.632,18348.732,19672.098,19675.198,NA,NA,NA,NA
602,NA,NA,16298.566,16300.166,18351.265,18351.398,19675.265,19678.365,NA,NA,NA,NA
603,NA,NA,16309.199,16310.866,18352.598,18436.732,19681.031,19681.898,NA,NA,NA,NA
604,NA,NA,16315.266,16316.432,18436.798,18437.032,19683.931,19741.931,NA,NA,NA,NA
605,NA,NA,16318.199,16321.399,18437.332,18438.632,19874.065,19874.798,NA,NA,NA,NA
606,NA,NA,16321.432,16323.766,18438.998,18439.032,19874.865,19875.198,NA,NA,NA,NA
607,NA,NA,16323.999,16324.032,18439.132,18448.232,19875.698,19875.765,NA,NA,NA,NA
608,NA,NA,16324.099,16324.132,18449.332,18556.498,19875.831,19875.898,NA,NA,NA,NA
609,NA,NA,16324.432,16325.399,18556.632,18556.932,19875.965,19876.031,NA,NA,NA,NA
610,NA,NA,16327.566,16328.032,18557.498,18557.532,19876.231,19876.298,NA,NA,NA,NA
611,NA,NA,16329.166,16330.332,18557.732,18591.798,19876.431,19876.631,NA,NA,NA,NA
612,NA,NA,16335.899,16336.999,18593.165,18593.398,19878.865,19880.298,NA,NA,NA,NA
613,NA,NA,16365.499,16365.832,18594.165,18594.698,19880.331,19880.498,NA,NA,NA,NA
614,NA,NA,16366.899,16404.166,18595.165,18595.398,19881.031,19881.065,NA,NA,NA,NA
615,NA,NA,16454.999,16455.399,18595.765,18703.898,19881.098,19881.131,NA,NA,NA,NA
616,NA,NA,16458.932,16465.466,18704.098,18704.932,19883.865,19883.931,NA,NA,NA,NA
617,NA,NA,16469.466,16473.632,18732.598,18733.498,19884.198,19884.598,NA,NA,NA,NA
618,NA,NA,16513.799,16516.532,18734.765,18734.832,19884.631,19885.065,NA,NA,NA,NA
619,NA,NA,16553.232,16553.532,18779.765,18779.798,19885.831,19886.231,NA,NA,NA,NA
620,NA,NA,16555.466,16558.199,18780.032,18781.798,19889.798,19890.065,NA,NA,NA,NA
621,NA,NA,16566.666,16566.966,18782.732,18782.898,20377.265,20393.198,NA,NA,NA,NA
622,NA,NA,16567.466,16615.699,18972.165,18972.232,20396.665,20396.965,NA,NA,NA,NA
623,NA,NA,16628.766,16629.366,18972.265,18973.065,20397.565,20398.231,NA,NA,NA,NA
624,NA,NA,16631.232,16631.932,19017.632,19021.665,20412.898,20412.931,NA,NA,NA,NA
625,NA,NA,16713.866,16724.732,19045.431,19046.165,20413.331,20455.098,NA,NA,NA,NA
626,NA,NA,16728.032,16728.366,19047.198,19049.231,20455.165,20455.831,NA,NA,NA,NA
627,NA,NA,16729.066,16732.332,19211.465,19239.265,20456.165,20456.398,NA,NA,NA,NA
628,NA,NA,16732.499,16742.666,19251.898,19252.065,20456.931,20465.165,NA,NA,NA,NA
629,NA,NA,16743.099,16743.199,19252.231,19253.398,NA,NA,NA,NA,NA,NA
630,NA,NA,16743.499,16743.599,19274.965,19275.398,NA,NA,NA,NA,NA,NA
631,NA,NA,16743.766,16751.199,19335.465,19337.631,NA,NA,NA,NA,NA,NA
632,NA,NA,16757.666,16762.399,19348.465,19352.865,NA,NA,NA,NA,NA,NA
633,NA,NA,17117.866,17134.966,19401.765,19401.898,NA,NA,NA,NA,NA,NA
634,NA,NA,17142.966,17143.899,19402.331,19402.431,NA,NA,NA,NA,NA,NA
635,NA,NA,17143.966,17144.232,19416.765,19417.998,NA,NA,NA,NA,NA,NA
636,NA,NA,17145.099,17145.132,19497.265,19497.331,NA,NA,NA,NA,NA,NA
637,NA,NA,17145.199,17145.432,19503.765,19504.431,NA,NA,NA,NA,NA,NA
638,NA,NA,17307.932,17308.466,19538.831,19539.298,NA,NA,NA,NA,NA,NA
639,NA,NA,17386.566,17388.599,19751.798,19756.365,NA,NA,NA,NA,NA,NA
640,NA,NA,17389.132,17394.432,19828.498,19829.931,NA,NA,NA,NA,NA,NA
641,NA,NA,17533.166,17533.432,20026.831,20028.898,NA,NA,NA,NA,NA,NA
642,NA,NA,17533.699,17537.566,20051.398,20053.965,NA,NA,NA,NA,NA,NA
643,NA,NA,17630.166,17632.499,20054.031,20054.165,NA,NA,NA,NA,NA,NA
644,NA,NA,17634.099,17634.132,20054.265,20054.465,NA,NA,NA,NA,NA,NA
645,NA,NA,17634.199,17635.032,20057.965,20093.231,NA,NA,NA,NA,NA,NA
646,NA,NA,17644.199,17653.966,20102.631,20107.965,NA,NA,NA,NA,NA,NA
647,NA,NA,17654.999,17661.299,20131.565,20134.765,NA,NA,NA,NA,NA,NA
648,NA,NA,17839.399,17842.499,20166.031,20166.498,NA,NA,NA,NA,NA,NA
649,NA,NA,17842.566,17843.066,20168.965,20174.165,NA,NA,NA,NA,NA,NA
650,NA,NA,17843.099,17843.399,20178.298,20178.365,NA,NA,NA,NA,NA,NA
651,NA,NA,17843.566,17843.766,20178.565,20181.098,NA,NA,NA,NA,NA,NA
652,NA,NA,17844.532,17844.866,20187.165,20191.298,NA,NA,NA,NA,NA,NA
653,NA,NA,17845.199,17845.266,20221.365,20223.431,NA,NA,NA,NA,NA,NA
654,NA,NA,17846.566,17846.599,20236.031,20236.431,NA,NA,NA,NA,NA,NA
655,NA,NA,17847.432,17849.032,20244.765,20262.431,NA,NA,NA,NA,NA,NA
656,NA,NA,17849.099,17849.132,20357.331,20374.065,NA,NA,NA,NA,NA,NA
657,NA,NA,17849.799,17874.199,20481.965,20482.498,NA,NA,NA,NA,NA,NA
658,NA,NA,17879.732,17879.866,20487.165,20491.331,NA,NA,NA,NA,NA,NA
659,NA,NA,17909.866,17923.732,20508.398,20509.098,NA,NA,NA,NA,NA,NA
660,NA,NA,17926.732,17946.266,20536.265,20536.365,NA,NA,NA,NA,NA,NA
661,NA,NA,17946.566,17946.832,20536.465,20540.798,NA,NA,NA,NA,NA,NA
662,NA,NA,17950.632,17950.666,20541.398,20541.698,NA,NA,NA,NA,NA,NA
663,NA,NA,17952.166,17954.499,20549.765,20563.731,NA,NA,NA,NA,NA,NA
664,NA,NA,17954.966,17955.232,20563.798,20567.565,NA,NA,NA,NA,NA,NA
665,NA,NA,17955.332,17955.432,20671.565,20671.798,NA,NA,NA,NA,NA,NA
666,NA,NA,17955.532,17955.766,20673.398,20785.798,NA,NA,NA,NA,NA,NA
667,NA,NA,17956.232,17956.266,20789.398,21600,NA,NA,NA,NA,NA,NA
668,NA,NA,17956.332,17957.366,21600,21600,NA,NA,NA,NA,NA,NA
669,NA,NA,17957.732,17963.432,NA,NA,NA,NA,NA,NA,NA,NA
670,NA,NA,17963.732,17963.966,NA,NA,NA,NA,NA,NA,NA,NA
671,NA,NA,17964.832,17965.032,NA,NA,NA,NA,NA,NA,NA,NA
672,NA,NA,17965.232,18003.832,NA,NA,NA,NA,NA,NA,NA,NA
673,NA,NA,18003.832,18031.465,NA,NA,NA,NA,NA,NA,NA,NA
674,NA,NA,18031.865,18032.165,NA,NA,NA,NA,NA,NA,NA,NA
675,NA,NA,18039.765,18106.932,NA,NA,NA,NA,NA,NA,NA,NA
676,NA,NA,18118.398,18134.998,NA,NA,NA,NA,NA,NA,NA,NA
677,NA,NA,18136.532,18152.732,NA,NA,NA,NA,NA,NA,NA,NA
678,NA,NA,18193.298,18195.165,NA,NA,NA,NA,NA,NA,NA,NA
679,NA,NA,18196.565,18199.232,NA,NA,NA,NA,NA,NA,NA,NA
680,NA,NA,18199.565,18199.932,NA,NA,NA,NA,NA,NA,NA,NA
681,NA,NA,18200.065,18200.165,NA,NA,NA,NA,NA,NA,NA,NA
682,NA,NA,18201.332,18201.365,NA,NA,NA,NA,NA,NA,NA,NA
683,NA,NA,18201.598,18201.798,NA,NA,NA,NA,NA,NA,NA,NA
684,NA,NA,18201.865,18202.165,NA,NA,NA,NA,NA,NA,NA,NA
685,NA,NA,18268.498,18276.298,NA,NA,NA,NA,NA,NA,NA,NA
686,NA,NA,18336.698,18336.998,NA,NA,NA,NA,NA,NA,NA,NA
687,NA,NA,18337.032,18337.298,NA,NA,NA,NA,NA,NA,NA,NA
688,NA,NA,18337.332,18337.365,NA,NA,NA,NA,NA,NA,NA,NA
689,NA,NA,18337.532,18344.932,NA,NA,NA,NA,NA,NA,NA,NA
690,NA,NA,18344.998,18345.198,NA,NA,NA,NA,NA,NA,NA,NA
691,NA,NA,18345.265,18345.365,NA,NA,NA,NA,NA,NA,NA,NA
692,NA,NA,18346.132,18348.632,NA,NA,NA,NA,NA,NA,NA,NA
693,NA,NA,18348.732,18351.265,NA,NA,NA,NA,NA,NA,NA,NA
694,NA,NA,18351.398,18352.598,NA,NA,NA,NA,NA,NA,NA,NA
695,NA,NA,18436.732,18436.798,NA,NA,NA,NA,NA,NA,NA,NA
696,NA,NA,18437.032,18437.332,NA,NA,NA,NA,NA,NA,NA,NA
697,NA,NA,18438.632,18438.998,NA,NA,NA,NA,NA,NA,NA,NA
698,NA,NA,18439.032,18439.132,NA,NA,NA,NA,NA,NA,NA,NA
699,NA,NA,18448.232,18449.332,NA,NA,NA,NA,NA,NA,NA,NA
700,NA,NA,18556.498,18556.632,NA,NA,NA,NA,NA,NA,NA,NA
701,NA,NA,18556.932,18557.498,NA,NA,NA,NA,NA,NA,NA,NA
702,NA,NA,18557.532,18557.732,NA,NA,NA,NA,NA,NA,NA,NA
703,NA,NA,18591.798,18593.165,NA,NA,NA,NA,NA,NA,NA,NA
704,NA,NA,18593.398,18594.165,NA,NA,NA,NA,NA,NA,NA,NA
705,NA,NA,18594.698,18595.165,NA,NA,NA,NA,NA,NA,NA,NA
706,NA,NA,18595.398,18595.765,NA,NA,NA,NA,NA,NA,NA,NA
707,NA,NA,18703.898,18704.098,NA,NA,NA,NA,NA,NA,NA,NA
708,NA,NA,18704.932,18714.698,NA,NA,NA,NA,NA,NA,NA,NA
709,NA,NA,18731.232,18732.598,NA,NA,NA,NA,NA,NA,NA,NA
710,NA,NA,18733.498,18734.765,NA,NA,NA,NA,NA,NA,NA,NA
711,NA,NA,18734.832,18747.132,NA,NA,NA,NA,NA,NA,NA,NA
712,NA,NA,18777.398,18779.765,NA,NA,NA,NA,NA,NA,NA,NA
713,NA,NA,18779.798,18780.032,NA,NA,NA,NA,NA,NA,NA,NA
714,NA,NA,18781.798,18782.732,NA,NA,NA,NA,NA,NA,NA,NA
715,NA,NA,18782.898,18791.498,NA,NA,NA,NA,NA,NA,NA,NA
716,NA,NA,18971.898,18972.165,NA,NA,NA,NA,NA,NA,NA,NA
717,NA,NA,18972.232,18972.265,NA,NA,NA,NA,NA,NA,NA,NA
718,NA,NA,18973.065,18974.798,NA,NA,NA,NA,NA,NA,NA,NA
719,NA,NA,18978.498,19017.632,NA,NA,NA,NA,NA,NA,NA,NA
720,NA,NA,19021.665,19040.798,NA,NA,NA,NA,NA,NA,NA,NA
721,NA,NA,19045.331,19045.431,NA,NA,NA,NA,NA,NA,NA,NA
722,NA,NA,19046.165,19047.198,NA,NA,NA,NA,NA,NA,NA,NA
723,NA,NA,19049.231,19076.231,NA,NA,NA,NA,NA,NA,NA,NA
724,NA,NA,19211.031,19211.465,NA,NA,NA,NA,NA,NA,NA,NA
725,NA,NA,19239.265,19246.931,NA,NA,NA,NA,NA,NA,NA,NA
726,NA,NA,19248.665,19251.898,NA,NA,NA,NA,NA,NA,NA,NA
727,NA,NA,19252.065,19252.231,NA,NA,NA,NA,NA,NA,NA,NA
728,NA,NA,19253.398,19255.265,NA,NA,NA,NA,NA,NA,NA,NA
729,NA,NA,19269.265,19274.965,NA,NA,NA,NA,NA,NA,NA,NA
730,NA,NA,19275.398,19290.065,NA,NA,NA,NA,NA,NA,NA,NA
731,NA,NA,19318.931,19335.465,NA,NA,NA,NA,NA,NA,NA,NA
732,NA,NA,19337.631,19339.098,NA,NA,NA,NA,NA,NA,NA,NA
733,NA,NA,19347.565,19348.465,NA,NA,NA,NA,NA,NA,NA,NA
734,NA,NA,19352.865,19354.065,NA,NA,NA,NA,NA,NA,NA,NA
735,NA,NA,19400.298,19401.765,NA,NA,NA,NA,NA,NA,NA,NA
736,NA,NA,19401.898,19402.331,NA,NA,NA,NA,NA,NA,NA,NA
737,NA,NA,19402.431,19416.765,NA,NA,NA,NA,NA,NA,NA,NA
738,NA,NA,19417.998,19426.365,NA,NA,NA,NA,NA,NA,NA,NA
739,NA,NA,19496.965,19497.265,NA,NA,NA,NA,NA,NA,NA,NA
740,NA,NA,19497.331,19500.431,NA,NA,NA,NA,NA,NA,NA,NA
741,NA,NA,19502.265,19503.765,NA,NA,NA,NA,NA,NA,NA,NA
742,NA,NA,19504.431,19509.398,NA,NA,NA,NA,NA,NA,NA,NA
743,NA,NA,19512.965,19514.298,NA,NA,NA,NA,NA,NA,NA,NA
744,NA,NA,19524.265,19525.998,NA,NA,NA,NA,NA,NA,NA,NA
745,NA,NA,19527.098,19529.798,NA,NA,NA,NA,NA,NA,NA,NA
746,NA,NA,19538.531,19538.831,NA,NA,NA,NA,NA,NA,NA,NA
747,NA,NA,19539.298,19540.831,NA,NA,NA,NA,NA,NA,NA,NA
748,NA,NA,19751.565,19751.798,NA,NA,NA,NA,NA,NA,NA,NA
749,NA,NA,19756.365,19828.498,NA,NA,NA,NA,NA,NA,NA,NA
750,NA,NA,19829.931,19868.398,NA,NA,NA,NA,NA,NA,NA,NA
751,NA,NA,19892.431,20026.831,NA,NA,NA,NA,NA,NA,NA,NA
752,NA,NA,20028.898,20037.631,NA,NA,NA,NA,NA,NA,NA,NA
753,NA,NA,20049.398,20051.398,NA,NA,NA,NA,NA,NA,NA,NA
754,NA,NA,20053.965,20054.031,NA,NA,NA,NA,NA,NA,NA,NA
755,NA,NA,20054.165,20054.265,NA,NA,NA,NA,NA,NA,NA,NA
756,NA,NA,20054.465,20057.965,NA,NA,NA,NA,NA,NA,NA,NA
757,NA,NA,20093.231,20102.631,NA,NA,NA,NA,NA,NA,NA,NA
758,NA,NA,20107.965,20131.565,NA,NA,NA,NA,NA,NA,NA,NA
759,NA,NA,20134.765,20166.031,NA,NA,NA,NA,NA,NA,NA,NA
760,NA,NA,20166.498,20168.965,NA,NA,NA,NA,NA,NA,NA,NA
761,NA,NA,20174.165,20178.298,NA,NA,NA,NA,NA,NA,NA,NA
762,NA,NA,20178.365,20178.565,NA,NA,NA,NA,NA,NA,NA,NA
763,NA,NA,20181.098,20187.165,NA,NA,NA,NA,NA,NA,NA,NA
764,NA,NA,20191.298,20221.365,NA,NA,NA,NA,NA,NA,NA,NA
765,NA,NA,20223.431,20236.031,NA,NA,NA,NA,NA,NA,NA,NA
766,NA,NA,20236.431,20244.765,NA,NA,NA,NA,NA,NA,NA,NA
767,NA,NA,20262.431,20357.331,NA,NA,NA,NA,NA,NA,NA,NA
768,NA,NA,20374.065,20376.565,NA,NA,NA,NA,NA,NA,NA,NA
769,NA,NA,20481.431,20481.965,NA,NA,NA,NA,NA,NA,NA,NA
770,NA,NA,20482.498,20487.165,NA,NA,NA,NA,NA,NA,NA,NA
771,NA,NA,20491.331,20508.398,NA,NA,NA,NA,NA,NA,NA,NA
772,NA,NA,20509.098,20536.265,NA,NA,NA,NA,NA,NA,NA,NA
773,NA,NA,20536.365,20536.465,NA,NA,NA,NA,NA,NA,NA,NA
774,NA,NA,20540.798,20541.398,NA,NA,NA,NA,NA,NA,NA,NA
775,NA,NA,20541.698,20549.765,NA,NA,NA,NA,NA,NA,NA,NA
776,NA,NA,20563.731,20563.798,NA,NA,NA,NA,NA,NA,NA,NA
777,NA,NA,20567.565,20660.798,NA,NA,NA,NA,NA,NA,NA,NA
778,NA,NA,20671.465,20671.565,NA,NA,NA,NA,NA,NA,NA,NA
779,NA,NA,20671.798,20673.398,NA,NA,NA,NA,NA,NA,NA,NA
780,NA,NA,20785.798,20789.398,NA,NA,NA,NA,NA,NA,NA,NA
