"X1","Contact_Right_start","Contact_Right_stop","Right_start","Right_stop","Center_start","Center_stop","Left_start","Left_stop","Contact_Left_start","Contact_Left_stop","Unknown_start","Unknown_stop","Contact_Unknown_start","Contact_Unknown_stop"
1,0,4.066,4.066,4.966,4.966,6.766,15.066,16.033,16.033,17.266,40.4,40.6,539.033,539.5
2,9.633,10.533,6.766,9.633,14.3,15.066,17.266,19.966,19.966,20.133,214.533,215.2,10212.199,10212.499
3,10.633,11.466,10.533,10.633,40.6,42.066,20.133,20.166,20.166,21.833,240.4,251.366,12156.498,12160.331
4,11.566,11.833,11.466,11.566,54.5,55.266,21.833,22,22,22.233,403.633,406.566,NA,NA
5,11.866,12.033,11.833,11.866,66.866,71.433,22.233,22.466,22.466,36.566,409.433,410.733,NA,NA
6,12.166,12.2,12.033,12.166,71.533,71.6,36.566,40.4,71.433,71.533,412.366,413.566,NA,NA
7,12.666,12.7,12.2,12.666,71.7,71.966,71.966,72.066,71.6,71.7,537.333,539.033,NA,NA
8,12.733,13.466,12.7,12.733,102.633,107.266,74.366,74.7,72.066,74.366,596.3,600.866,NA,NA
9,45.966,51.166,13.466,14.3,115.833,125.7,82.1,82.433,74.7,82.1,607.233,609.733,NA,NA
10,51.2,51.5,42.066,45.966,148.733,157.3,84.133,87.8,82.433,84.133,756.4,756.733,NA,NA
11,51.566,51.833,51.166,51.2,210.266,213.5,88.5,102.633,87.8,88.5,869.5,871.533,NA,NA
12,62.5,64.933,51.5,51.566,213.533,213.7,125.7,126.4,126.4,126.466,881.866,882.333,NA,NA
13,65.066,66.866,51.833,54.5,213.933,214.533,126.466,126.5,126.5,126.7,936.7,938.9,NA,NA
14,110.133,111.1,55.266,62.5,223.7,224.466,126.7,126.833,126.833,129.033,944.566,945.633,NA,NA
15,111.233,111.3,64.933,65.066,254.6,279.1,129.033,129.233,129.233,129.3,970.3,970.4,NA,NA
16,111.4,111.433,107.266,110.133,304.2,309,129.3,136.4,136.4,137.733,983.9,986.666,NA,NA
17,111.5,112.266,111.1,111.233,312.733,314.433,137.733,137.766,137.766,145,1009.633,1010.133,NA,NA
18,112.366,114.7,111.3,111.4,314.566,314.7,145,147.333,147.333,147.466,1019.6,1021.766,NA,NA
19,114.766,115.833,111.433,111.5,314.766,369.833,147.466,147.5,147.5,147.566,1055.7,1061.1,NA,NA
20,213.5,213.533,112.266,112.366,369.9,370.166,147.566,147.833,147.833,148.733,1116.066,1118.733,NA,NA
21,213.7,213.933,114.7,114.766,377.8,397.266,157.3,167.233,167.233,190.8,1166.766,1171.1,NA,NA
22,215.2,222.3,222.3,222.466,403.033,403.633,190.8,192.5,192.5,192.866,1173.3,1176.466,NA,NA
23,222.466,223.666,223.666,223.7,406.566,409.4,192.866,193.5,193.5,194.033,1225.933,1228.166,NA,NA
24,311.233,311.566,309,311.233,426.766,441.933,194.033,194.066,194.066,194.233,1249.133,1253.9,NA,NA
25,311.766,311.933,311.566,311.766,442.066,442.1,194.233,194.266,194.266,195.166,1345.466,1348.766,NA,NA
26,312.033,312.1,311.933,312.033,442.133,442.166,195.166,195.833,195.833,200.866,1359.833,1363.266,NA,NA
27,312.2,312.733,312.1,312.2,442.5,442.833,200.866,201.766,201.766,206.466,1371.633,1376.7,NA,NA
28,314.433,314.566,409.4,409.433,442.9,444.433,206.466,207.066,207.066,210.266,1387.733,1390.966,NA,NA
29,314.7,314.766,412.1,412.366,446.166,453.9,224.466,225.2,225.2,226.733,1394.966,1399.033,NA,NA
30,410.733,412.1,413.566,416.966,461.5,462.3,226.733,226.866,226.866,227.366,1402.633,1406,NA,NA
31,416.966,417.066,417.066,417.166,467.966,483.966,227.366,229.6,229.6,235.033,1647.033,1647.2,NA,NA
32,417.166,417.366,417.366,421.6,484,484.033,235.033,240.4,251.366,254.133,1689.9,1691.633,NA,NA
33,421.6,424.1,424.1,424.366,484.066,487.166,254.133,254.6,279.233,283.133,1698.7,1699.433,NA,NA
34,424.366,426.766,444.433,444.533,487.266,494.766,279.1,279.233,302.366,302.4,1793.233,1798.066,NA,NA
35,441.933,442.066,445.533,445.566,495.466,495.766,283.133,302.366,302.533,303.533,2027.4,2037.133,NA,NA
36,442.1,442.133,446,446.166,495.9,496.166,302.4,302.533,303.6,303.9,2068.5,2070.1,NA,NA
37,442.166,442.5,453.9,454.4,496.2,496.433,303.533,303.6,303.966,304.066,2075.833,2079.9,NA,NA
38,442.833,442.9,454.7,461.5,497.9,500.733,303.9,303.966,370.166,372.433,2129.7,2132.633,NA,NA
39,444.533,445.533,494.766,494.933,500.8,500.9,304.066,304.2,397.6,397.766,2206.4,2206.533,NA,NA
40,445.566,446,496.433,496.633,502.366,503.266,369.833,369.9,398,403.033,2229.766,2239.666,NA,NA
41,454.4,454.7,503.266,506.366,506.366,506.466,372.433,377.8,464.133,467.966,2255.233,2257.733,NA,NA
42,483.966,484,506.466,506.766,507.533,510.766,397.266,397.6,1046.3,1048.466,2296.966,2298.133,NA,NA
43,484.033,484.066,510.766,511.966,525.333,528.2,397.766,398,1139.733,1139.766,2405.966,2410.133,NA,NA
44,487.166,487.266,519.533,523.733,556.766,596.3,462.3,464.133,1139.9,1139.933,2491.433,2493.066,NA,NA
45,494.933,495.466,523.866,523.933,600.866,607,1042,1046.3,1140,1140.7,2647.5,2647.566,NA,NA
46,495.766,495.9,525.2,525.333,616.466,627.766,1048.466,1050.833,1140.766,1141.4,2723.4,2724.833,NA,NA
47,496.166,496.2,528.2,528.466,628.066,628.733,1139.766,1139.9,1142.166,1143,2747.3,2752.3,NA,NA
48,496.633,497.9,528.733,529.166,631,731.2,1139.933,1139.966,1143.1,1144.5,2788.9,2791.8,NA,NA
49,500.733,500.8,529.2,529.233,746.866,752.6,1140.7,1140.766,1204.533,1208.2,2808.833,2809.533,NA,NA
50,500.9,502.366,529.266,529.3,756.733,760.266,1141.4,1142.166,1211.433,1211.533,2831.833,2834.633,NA,NA
51,506.766,507.533,539.5,542.3,763.033,765.9,1143,1143.1,1211.566,1218.266,2867.5,2870.833,NA,NA
52,511.966,519.533,542.333,546.433,766.233,766.366,1144.5,1144.866,1229.633,1244.133,2911.533,2911.666,NA,NA
53,523.733,523.866,547.566,547.6,766.933,767.233,1201.4,1204.533,1253.9,1274.3,3146,3148.033,NA,NA
54,523.933,525.2,548.6,548.933,767.666,767.833,1211.1,1211.433,1365.8,1365.933,3256.1,3257.266,NA,NA
55,528.466,528.733,549.566,549.633,768.066,772.1,1211.533,1211.566,1367.233,1368.166,3283.533,3287.4,NA,NA
56,529.166,529.2,555.366,555.4,775.533,778.566,1218.266,1221.3,1377.433,1380.8,3325.2,3326.6,NA,NA
57,529.233,529.266,555.966,556.766,779.433,779.7,1221.4,1221.5,1381.666,1386.866,3513.6,3513.633,NA,NA
58,529.3,537.333,607,607.233,786.866,789.666,1221.566,1221.7,1386.933,1386.966,3567.533,3591.133,NA,NA
59,542.3,542.333,609.733,613.366,791.466,792.633,1222.033,1222.133,1406,1413.166,3691.966,3693.333,NA,NA
60,546.433,547.566,615.2,616.466,799.166,803.633,1229.333,1229.633,1452.8,1458.5,3866.133,3876.4,NA,NA
61,547.6,548.6,731.2,731.5,813.366,816.933,1244.133,1249.133,1458.633,1466.033,3877.966,3878.133,NA,NA
62,548.933,549.566,732.066,736.7,822.4,824.633,1366.166,1366.4,1647.2,1647.266,3878.233,3879.6,NA,NA
63,549.633,555.366,742.9,743.333,843.433,843.6,1366.466,1367.233,1647.3,1648,3879.666,3884.766,NA,NA
64,555.4,555.966,752.6,752.666,843.7,848.2,1368.166,1368.433,1648.466,1648.533,3904.4,3910.066,NA,NA
65,613.366,615.2,760.266,760.7,859.9,869.166,1369.933,1371.633,1648.733,1650.9,3913.9,3926.966,NA,NA
66,627.766,628.066,766.766,766.833,872.066,879.533,1376.7,1377.433,1650.966,1653.733,3940.2,3942.566,NA,NA
67,628.733,631,766.9,766.933,934.233,936.7,1381.333,1381.666,2182.833,2182.9,3946.433,3950.533,NA,NA
68,731.5,732.066,767.4,767.433,940.7,944.533,1386.866,1386.933,2183.333,2183.566,3963.766,3983.933,NA,NA
69,736.7,742.9,768,768.033,962.833,970.3,1386.966,1387.733,2184.3,2190.1,4018.066,4021,NA,NA
70,743.333,746.866,773,773.1,971.433,973.6,1390.966,1394.966,2190.3,2191.1,4057,4061.833,NA,NA
71,752.666,756.4,778.566,778.633,976,981.066,1399.033,1402.633,2191.133,2195.033,4064.433,4067.166,NA,NA
72,760.7,763.033,779.1,779.166,1010.8,1010.833,1452.4,1452.8,2195.1,2195.3,4102.233,4105.966,NA,NA
73,765.9,766.233,779.3,779.433,1010.9,1013.166,1458.5,1458.633,2195.8,2197.1,4112.5,4115.133,NA,NA
74,766.366,766.766,779.7,780.3,1021.766,1042,1487.333,1496.433,2197.233,2197.366,4127.666,4128.666,NA,NA
75,766.833,766.9,780.5,780.533,1050.833,1055.066,1528.133,1531.133,2197.433,2197.466,4131.033,4144.866,NA,NA
76,767.233,767.4,780.6,780.7,1066.033,1072.9,1646.466,1646.933,2197.566,2197.6,4158.4,4164.733,NA,NA
77,767.433,767.666,781.033,784.566,1076.1,1080.766,1648,1648.466,2197.733,2197.9,4169.733,4174.866,NA,NA
78,767.833,768,789.666,789.833,1136.866,1139.733,1648.533,1648.733,2197.933,2201.633,4179.233,4192.933,NA,NA
79,768.033,768.066,791.4,791.466,1139.966,1140,1650.9,1650.966,2201.933,2202.266,4207.533,4210.733,NA,NA
80,772.1,773,792.633,797.5,1144.866,1145.633,1653.733,1653.866,2207.633,2207.7,4215,4217.8,NA,NA
81,773.1,775.533,798,799.166,1200.333,1201.4,1868.133,1869.733,2208.866,2211.8,4236.933,4242.766,NA,NA
82,778.633,779.1,803.633,809.633,1208.2,1211.1,2159.566,2182.833,2373.633,2373.966,4243.266,4244.766,NA,NA
83,779.166,779.3,810.833,810.866,1221.3,1221.4,2182.9,2183.333,2485.466,2486,4293.566,4299.766,NA,NA
84,780.3,780.5,812.166,812.2,1221.5,1221.566,2183.566,2184.3,2486.1,2486.233,4304.566,4314.133,NA,NA
85,780.533,780.6,816.933,819.333,1221.7,1222.033,2190.1,2190.3,2486.366,2486.733,4367.233,4367.666,NA,NA
86,780.7,781.033,824.633,825.5,1222.133,1225.933,2191.1,2191.133,2648.566,2651.8,4373.8,4376.6,NA,NA
87,784.566,786.866,826.4,826.466,1228.166,1229.333,2195.033,2195.1,2652.2,2653.166,4451.8,4463.066,NA,NA
88,789.833,791.4,827.533,833.9,1274.3,1280.966,2195.3,2195.333,2653.266,2653.3,4540.933,4568.9,NA,NA
89,797.5,798,843.266,843.433,1363.833,1365.8,2195.633,2195.8,2677.2,2677.9,4582.366,4597.3,NA,NA
90,809.633,810.833,848.2,854.633,1365.933,1366.166,2197.2,2197.233,2678,2678.033,4645.333,4645.566,NA,NA
91,810.866,812.166,857.333,857.433,1366.4,1366.466,2197.366,2197.433,2678.166,2678.733,4719.4,4720.433,NA,NA
92,812.2,813.366,858.5,858.533,1368.433,1369.933,2197.466,2197.566,2825.366,2825.433,4728.966,4731.133,NA,NA
93,819.333,822.4,858.666,859.9,1380.8,1381.333,2197.6,2197.733,2908.1,2909.566,4744.966,4749.433,NA,NA
94,825.5,826.4,869.166,869.5,1413.166,1452.4,2197.9,2197.933,2909.833,2910.366,4750.833,4752.833,NA,NA
95,826.466,827.533,871.533,872.066,1466.033,1467.433,2201.633,2201.933,2910.5,2910.533,4764.333,4773.833,NA,NA
96,833.9,843.266,879.533,881.866,1476.266,1487.233,2202.266,2205.066,2910.566,2910.633,4786.266,4796.866,NA,NA
97,843.6,843.7,884.633,887.033,1517.233,1517.3,2206.366,2206.4,2910.966,2911.2,4803.1,4818.366,NA,NA
98,854.633,857.333,887.066,887.166,1517.333,1518.2,2207.1,2207.633,3311.6,3311.733,4847.966,4858.166,NA,NA
99,857.433,858.5,887.666,890.366,1522,1528.133,2484.133,2485.466,3312.133,3312.733,4908.966,4912.566,NA,NA
100,858.533,858.666,892.6,893.566,1531.133,1531.9,2486,2486.1,3313.166,3314.466,4916.7,4928.666,NA,NA
101,882.333,884.633,908.066,908.666,1532.033,1646.466,2486.233,2486.366,3314.566,3314.633,4939,4944.266,NA,NA
102,887.033,887.066,909.066,911.166,1646.933,1647.033,2613.133,2615.5,3314.8,3315.466,4944.933,4969.933,NA,NA
103,887.166,887.666,911.233,911.333,1647.266,1647.3,2647.566,2647.733,3315.966,3316.033,4970.466,4970.7,NA,NA
104,890.366,892.6,911.666,911.866,1653.866,1658.566,2647.866,2648.566,3317.4,3317.533,4978.366,4980.6,NA,NA
105,893.566,908.066,923.666,927.366,1659.2,1661.433,2651.8,2652.2,3317.866,3321.366,5065.366,5069.5,NA,NA
106,908.666,909.066,944.533,944.566,1665.3,1671.166,2653.166,2653.266,3323.8,3324,5211.066,5213.533,NA,NA
107,911.166,911.233,946.066,950.6,1671.5,1673.233,2653.3,2653.433,3324.133,3324.4,5222.866,5225.766,NA,NA
108,911.333,911.666,952.766,954.166,1673.466,1673.666,2675.3,2677.2,3324.433,3324.5,5233.7,5237.7,NA,NA
109,911.866,923.666,957.1,960,1678.333,1689.9,2677.9,2678,3324.766,3324.833,5313.4,5323.3,NA,NA
110,927.366,934.233,973.6,973.866,1694.366,1695.2,2678.033,2678.166,3326.6,3328.4,5412.966,5420.433,NA,NA
111,938.9,940.7,974.733,974.833,1698.233,1698.7,2824.466,2825.366,3328.5,3328.733,5432.366,5435.3,NA,NA
112,945.633,946.066,981.066,983.9,1702.266,1731.933,2825.433,2825.6,3328.8,3331.133,5445.566,5450.6,NA,NA
113,950.6,952.766,996.1,996.2,1735.333,1793.233,2902.766,2908.1,3353,3353.066,5451.266,5455.566,NA,NA
114,954.166,957.1,1004.3,1004.433,1799.366,1850.033,2909.566,2909.833,3355.366,3356.2,5457.033,5461.966,NA,NA
115,960,962.833,1010.133,1010.8,1855.7,1868.133,2910.366,2910.5,3356.433,3358.4,5463.233,5464.5,NA,NA
116,970.4,971.433,1010.833,1010.9,1869.733,1942.266,2910.533,2910.566,4100.833,4100.966,5469.1,5478.8,NA,NA
117,973.866,974.733,1013.166,1017.266,1948.9,1956.8,2910.633,2910.966,4224.633,4225,5479.8,5487,NA,NA
118,974.833,976,1018.033,1019.6,1957.733,1960,2911.2,2911.533,4226.3,4236.8,5675.133,5677.4,NA,NA
119,986.666,996.1,1055.066,1055.7,1960.133,1962.633,3305.366,3305.7,4236.866,4236.9,5681.933,5685.666,NA,NA
120,996.2,1004.3,1062.1,1066.033,1967.433,1967.466,3311.066,3311.6,4346.066,4346.1,5686.233,5697.333,NA,NA
121,1004.433,1009.633,1072.9,1073.466,1976.766,1992.333,3311.733,3312.133,4347.7,4347.833,5702.833,5708.8,NA,NA
122,1017.266,1018.033,1075.866,1076.1,1992.533,1994.1,3312.8,3312.933,4348.266,4349.7,5769.3,5777.333,NA,NA
123,1061.1,1062.1,1080.766,1083.966,2008.6,2019.933,3314.466,3314.566,4349.766,4349.933,5843.533,5852.133,NA,NA
124,1073.466,1075.866,1086.233,1091.633,2026.033,2027.3,3317.533,3317.866,4350.033,4350.233,5929.033,5930.233,NA,NA
125,1083.966,1086.233,1100.533,1100.6,2038.733,2050.9,3321.366,3323.8,4350.266,4350.3,5934.633,5949.7,NA,NA
126,1091.633,1100.533,1101,1103.066,2079.9,2084.566,3324,3324.133,4351.133,4351.233,5949.9,5959.8,NA,NA
127,1100.6,1101,1108.6,1116.066,2086.133,2086.3,3324.4,3324.433,4351.366,4351.6,6003.8,6006.366,NA,NA
128,1103.066,1108.6,1118.733,1122.3,2086.466,2086.533,3324.5,3324.766,4351.933,4356,6011.166,6013.866,NA,NA
129,1122.3,1122.333,1122.333,1133.9,2086.733,2087.366,3325.033,3325.2,4356.233,4356.366,6052.766,6071.033,NA,NA
130,1133.9,1136.766,1136.766,1136.866,2088.1,2088.2,3328.4,3328.5,4356.466,4356.566,6153.9,6195.033,NA,NA
131,1148.266,1148.366,1145.633,1148.266,2088.266,2092.8,3328.733,3328.8,4356.733,4356.966,6290.766,6291.866,NA,NA
132,1171.1,1173.3,1148.366,1166.766,2158.6,2159.566,3353.9,3355.366,4358.1,4358.266,6305.5,6347.866,NA,NA
133,1185.266,1187.2,1176.466,1185.266,2195.333,2195.633,3356.2,3356.433,4358.333,4358.466,6434.033,6436.433,NA,NA
134,1187.4,1188.233,1187.2,1187.4,2197.1,2197.2,3358.4,3358.433,4358.566,4358.733,6476.533,6477.6,NA,NA
135,1188.366,1188.666,1188.233,1188.366,2205.066,2206.366,3688.4,3688.8,4504.866,4505.1,6572.5,6576.133,NA,NA
136,1189.1,1189.8,1188.666,1189.1,2206.533,2207.1,3690.1,3690.3,4571.6,4571.866,6626.933,6635.633,NA,NA
137,1189.9,1190.433,1189.8,1189.9,2211.8,2217.933,3691.333,3691.966,4597.433,4597.566,6772,6775.333,NA,NA
138,1193.433,1193.533,1190.433,1193.433,2218.3,2218.333,4093.533,4094.466,4606.1,4606.833,6800.366,6805.366,NA,NA
139,1285.733,1293.133,1193.533,1200.333,2218.633,2219.3,4097.5,4097.633,4611.466,4611.6,6842.4,6855.033,NA,NA
140,1295.133,1295.7,1280.966,1285.733,2223.366,2229.633,4100.333,4100.633,4611.633,4612.933,6919.433,6925.166,NA,NA
141,1295.833,1296.1,1293.133,1295.133,2239.666,2248.4,4101.466,4102.233,4613,4617.066,7112.866,7132.099,NA,NA
142,1296.533,1296.6,1295.7,1295.833,2267.2,2270.933,4105.966,4106.266,4617.133,4623.866,7134.832,7135.732,NA,NA
143,1300.8,1302.033,1296.1,1296.533,2364.066,2373.633,4112.3,4112.5,4623.9,4627.6,7412.099,7414.632,NA,NA
144,1307.866,1307.9,1296.6,1300.8,2373.966,2378.366,4223.033,4224.1,4627.633,4627.666,7426.366,7431.232,NA,NA
145,1307.933,1309.2,1302.033,1307.866,2410.133,2421.3,4224.233,4224.633,4627.833,4628.1,7472.232,7477.032,NA,NA
146,1309.266,1329.2,1307.9,1307.933,2421.733,2423.2,4225,4225.233,4629.066,4634.7,7484.632,7493.966,NA,NA
147,1329.5,1337.833,1309.2,1309.266,2424.766,2431.666,4225.766,4226.3,4635.8,4635.833,7690.399,7697.199,NA,NA
148,1354.7,1354.733,1329.2,1329.5,2433.466,2434.3,4236.8,4236.866,4635.933,4636.7,7707.732,7711.199,NA,NA
149,1355.633,1357.533,1337.833,1345.466,2434.4,2436.433,4236.9,4236.933,4636.9,4637.033,7718.666,7719.332,NA,NA
150,1357.666,1357.8,1348.766,1354.7,2436.666,2484.133,4242.766,4242.8,4637.3,4640.9,7726.332,7731.199,NA,NA
151,1467.433,1467.9,1354.733,1355.633,2486.733,2487.4,4342.233,4346.066,4720.433,4728.966,7737.266,7739.399,NA,NA
152,1467.933,1468,1357.533,1357.666,2526.733,2533.1,4346.1,4347.7,4731.133,4734.8,7739.799,7741.999,NA,NA
153,1468.133,1468.233,1357.8,1359.833,2612.133,2613.133,4347.833,4348.266,4739.033,4744.966,7763.799,7764.732,NA,NA
154,1469.3,1469.333,1363.266,1363.833,2615.5,2647.5,4349.7,4349.766,4749.433,4750.833,7772.199,7774.199,NA,NA
155,1469.4,1469.466,1467.9,1467.933,2647.733,2647.866,4349.933,4350.033,5081.366,5082.6,8071.466,8074.932,NA,NA
156,1469.933,1476.066,1468,1468.133,2653.433,2675.3,4350.233,4350.266,5082.766,5083,8377.699,8378.732,NA,NA
157,1531.933,1532,1468.233,1469.3,2678.733,2679.666,4350.3,4351.133,5083.066,5083.2,8438.432,8439.932,NA,NA
158,1658.566,1659.2,1469.333,1469.4,2684.533,2720.133,4351.233,4351.366,5083.266,5083.733,8548.899,8550.966,NA,NA
159,1661.433,1665.166,1469.466,1469.933,2725.4,2746.7,4351.6,4351.933,5085,5085.466,8638.766,8640.432,NA,NA
160,1671.166,1671.5,1476.066,1476.266,2761.033,2775.4,4356,4356.233,5085.633,5087.566,8644.632,8654.299,NA,NA
161,1673.233,1673.466,1487.233,1487.333,2809.633,2824.466,4356.366,4356.466,5088.566,5091.433,8661.832,8663.832,NA,NA
162,1673.666,1678.266,1496.433,1498.4,2825.6,2827.233,4356.566,4356.733,5092.8,5096.133,8668.099,8669.166,NA,NA
163,1691.633,1694.366,1498.4,1517.233,2849.5,2856.9,4356.966,4358.1,5096.233,5098.533,8684.166,8687.632,NA,NA
164,1695.2,1698.233,1517.3,1517.333,2859.2,2859.566,4358.266,4358.333,5098.633,5101.133,9120.232,9120.832,NA,NA
165,1699.433,1702.266,1518.2,1522,2860.233,2867.3,4358.466,4358.566,5101.566,5104.666,10211.665,10212.199,NA,NA
166,1732.833,1732.966,1531.9,1531.933,2870.933,2902.766,4358.733,4359.166,5104.7,5105.233,10336.099,10337.432,NA,NA
167,1850.033,1855.7,1532,1532.033,2911.666,2924.466,4502.133,4503.666,5106.333,5130.333,10339.132,10341.399,NA,NA
168,1945.3,1948.3,1665.166,1665.3,2928.133,3051.266,4505.1,4505.166,5131.3,5134.733,10661.165,10669.532,NA,NA
169,1956.8,1957.733,1678.266,1678.333,3051.433,3053.033,4540.866,4540.933,5135.166,5139.2,11065.098,11067.331,NA,NA
170,1960,1960.133,1731.933,1732.833,3057.6,3094.533,4568.9,4571.6,5141.5,5148.066,11157.265,11161.598,NA,NA
171,1962.633,1963.233,1732.966,1735.333,3106.9,3107.1,4571.866,4582.366,5149.4,5149.433,11384.565,11396.731,NA,NA
172,1969.366,1976.733,1798.066,1799.366,3107.6,3113.966,4597.3,4597.433,5149.6,5160.033,11408.465,11410.998,NA,NA
173,1992.333,1992.533,1942.266,1945.3,3128,3132.166,4597.566,4606.1,5160.266,5160.466,11413.131,11421.498,NA,NA
174,1994.1,2008.133,1948.3,1948.9,3136.1,3144.233,4606.833,4611.466,5160.566,5161.133,11854.631,11858.631,NA,NA
175,2019.933,2026.033,1963.233,1967.433,3144.3,3144.8,4611.6,4611.633,5162.2,5162.3,11870.898,11875.198,NA,NA
176,2037.133,2038.733,1967.466,1969.366,3195.4,3206.333,4612.933,4613,5162.566,5163.033,12040.598,12053.198,NA,NA
177,2084.566,2086.133,1976.733,1976.766,3207.466,3213.5,4617.066,4617.133,5163.3,5163.433,12106.465,12108.665,NA,NA
178,2086.3,2086.466,2008.133,2008.6,3215.466,3215.833,4623.866,4623.9,5164.5,5167.1,12110.231,12111.131,NA,NA
179,2086.533,2086.733,2027.3,2027.4,3216.1,3218.3,4627.6,4627.633,5167.133,5168.933,12135.331,12139.898,NA,NA
180,2087.366,2088.1,2050.9,2068.5,3218.833,3219,4627.666,4627.833,5169.766,5169.833,12150.831,12154.131,NA,NA
181,2088.2,2088.266,2070.1,2075.833,3224.666,3229.033,4628.1,4629.066,5169.966,5170.166,12155.831,12156.498,NA,NA
182,2092.8,2096.966,2096.966,2129.7,3257.266,3260.166,4634.7,4635.8,5170.533,5171.033,12435.765,12436.498,NA,NA
183,2207.7,2208.866,2132.633,2158.6,3303.966,3305.366,4635.833,4635.933,5172.066,5172.2,12517.298,12520.698,NA,NA
184,2217.933,2218.3,2219.3,2220.033,3305.7,3311.066,4636.7,4636.9,5172.233,5173.433,12766.331,12768.231,NA,NA
185,2218.333,2218.633,2220.133,2221.466,3312.733,3312.8,4637.033,4637.3,5175.2,5179.066,12861.431,12870.331,NA,NA
186,2220.033,2220.133,2222.533,2223.366,3312.933,3313.166,4640.9,4641.466,5179.233,5179.3,12883.898,12899.031,NA,NA
187,2221.466,2222.533,2229.633,2229.766,3314.633,3314.8,4718.466,4718.8,5179.5,5181.4,12904.131,12909.465,NA,NA
188,2249.666,2249.8,2248.4,2249.666,3315.466,3315.966,4719.2,4719.4,5181.566,5181.6,12911.431,12911.798,NA,NA
189,2251,2254.1,2249.8,2251,3316.033,3317.4,4734.8,4739.033,5182.4,5183.233,12916.931,12919.565,NA,NA
190,2254.633,2255,2254.1,2254.633,3324.833,3325.033,5080.633,5081.366,5184.266,5185.433,12935.398,12942.731,NA,NA
191,2265.466,2265.766,2255,2255.233,3331.133,3353,5082.6,5082.766,5185.633,5186.133,12979.798,12989.731,NA,NA
192,2265.833,2267.2,2257.733,2265.466,3353.066,3353.9,5083,5083.066,5186.166,5189.1,13095.831,13100.365,NA,NA
193,2302.5,2304.033,2265.766,2265.833,3358.433,3359.266,5083.2,5083.266,5189.233,5189.766,13109.765,13152.165,NA,NA
194,2306.366,2310.366,2270.933,2296.966,3371.7,3403.133,5083.733,5085,5189.8,5190.1,13171.365,13183.898,NA,NA
195,2311.166,2311.933,2298.133,2302.5,3403.433,3406.533,5085.466,5085.633,5190.133,5190.833,13192.098,13199.698,NA,NA
196,2312,2312.133,2304.033,2306.366,3415.1,3471.7,5087.566,5088.566,5191.166,5191.366,13199.898,13205.965,NA,NA
197,2325.533,2336,2310.366,2311.166,3471.7,3509.933,5091.433,5092.8,5191.566,5191.733,13209.131,13213.165,NA,NA
198,2353.233,2354.566,2311.933,2312,3512.1,3513.6,5096.133,5096.233,5191.866,5193.133,13215.898,13220.465,NA,NA
199,2356.233,2359.3,2312.133,2325.533,3516.666,3517.066,5098.533,5098.633,5193.466,5193.5,13245.031,13253.331,NA,NA
200,2360.7,2360.766,2336,2353.233,3519.9,3534.766,5101.133,5101.566,5193.533,5195.633,13326.398,13338.898,NA,NA
201,2361.733,2363.066,2354.566,2356.233,3685.6,3688.4,5104.666,5104.7,5195.7,5196.533,13356.998,13361.198,NA,NA
202,2384.466,2384.733,2359.3,2360.7,3688.8,3690.1,5105.233,5106.333,5196.833,5199.133,13414.765,13419.231,NA,NA
203,2385.766,2389.266,2360.766,2361.733,3690.3,3691.333,5130.333,5131.3,5199.166,5199.233,13481.531,13483.198,NA,NA
204,2390.2,2390.4,2363.066,2364.066,3693.333,3699.433,5134.733,5135.166,5199.566,5199.6,13667.898,13690.998,NA,NA
205,2390.933,2392.5,2378.366,2384.466,3700.866,3705.233,5139.2,5141.5,5199.633,5201.333,13712.398,13716.265,NA,NA
206,2421.3,2421.733,2384.733,2385.766,3710.533,3715.066,5148.066,5149.4,5202.766,5205.5,13730.065,13734.731,NA,NA
207,2423.2,2424.766,2389.266,2390.2,4092.4,4093.533,5149.433,5149.6,5293.966,5294.066,13768.731,13783.698,NA,NA
208,2431.666,2433.333,2390.4,2390.933,4094.466,4097.5,5160.033,5160.266,5294.333,5294.633,13800.231,13812.465,NA,NA
209,2433.433,2433.466,2392.5,2405.966,4097.633,4100.333,5160.466,5160.566,5295.233,5295.9,13836.231,13840.065,NA,NA
210,2434.3,2434.4,2433.333,2433.433,4100.633,4100.833,5161.133,5162.2,5298.166,5305.3,13857.765,13858.465,NA,NA
211,2436.433,2436.666,2487.4,2491.1,4100.966,4101.466,5162.3,5162.566,5323.6,5324.533,13921.065,13928.531,NA,NA
212,2491.1,2491.133,2491.133,2491.433,4106.266,4108.7,5163.033,5163.3,5325.3,5325.7,13973.265,13981.298,NA,NA
213,2526,2526.266,2493.066,2526,4109.5,4112.3,5163.433,5164.5,5325.766,5325.8,14007.031,14011.831,NA,NA
214,2526.3,2526.5,2526.266,2526.3,4115.133,4127.666,5167.1,5167.133,5326.1,5326.466,14012.698,14017.431,NA,NA
215,2602,2602.966,2526.5,2526.733,4130.533,4130.733,5168.933,5169.766,5326.733,5326.766,14375.364,14377.631,NA,NA
216,2605.533,2605.733,2533.1,2602,4219.333,4223.033,5169.833,5169.966,5326.8,5326.833,14387.331,14387.931,NA,NA
217,2605.8,2605.866,2602.966,2605.533,4224.1,4224.233,5170.166,5170.533,5327.066,5327.1,14490.598,14500.931,NA,NA
218,2605.933,2606,2605.733,2605.8,4225.233,4225.766,5171.033,5172.066,5327.333,5327.433,14558.831,14568.664,NA,NA
219,2722.833,2723,2605.866,2605.933,4242.8,4243.233,5172.2,5172.233,5329,5329.1,14684.498,14685.231,NA,NA
220,2723.033,2723.4,2606,2612.133,4253.866,4258.766,5173.433,5175.2,5329.266,5330.7,14689.498,14699.531,NA,NA
221,2756,2758.733,2679.666,2684.533,4339.366,4342.233,5179.066,5179.233,5332.733,5335.266,14785.998,14815.698,NA,NA
222,2760.2,2760.3,2720.133,2722.833,4359.166,4361.366,5179.3,5179.5,5338.9,5339.166,14842.198,14844.998,NA,NA
223,2760.6,2761.033,2723,2723.033,4364.133,4367.1,5181.4,5181.566,5339.5,5350.866,14861.964,14877.231,NA,NA
224,2798.4,2799.933,2724.833,2725.4,4367.733,4370.3,5181.6,5182.4,5350.966,5351,14879.031,14893.398,NA,NA
225,2800,2800.966,2746.7,2747.3,4451.5,4451.766,5183.233,5184.266,5352.066,5391.233,14963.498,14994.864,NA,NA
226,2801.1,2801.133,2752.3,2756,4500.766,4502.133,5185.433,5185.633,5391.433,5393.333,14998.931,15000.398,NA,NA
227,2835.233,2836.333,2758.733,2760.2,4503.666,4504.866,5186.133,5186.166,5487,5497.133,15033.664,15040.231,NA,NA
228,2836.366,2836.433,2760.3,2760.6,4505.166,4505.733,5189.1,5189.233,5497.2,5511.8,15047.398,15054.664,NA,NA
229,2836.6,2837.433,2775.4,2788.9,4534.966,4540.866,5189.766,5189.8,5512.7,5512.733,15057.098,15072.964,NA,NA
230,2843.866,2844.7,2791.8,2798.4,4641.466,4645.333,5190.1,5190.133,5512.966,5531.333,15104.664,15107.564,NA,NA
231,2845.133,2846.566,2799.933,2800,4647.766,4670.5,5190.833,5191.166,5544.733,5546,15122.031,15124.198,NA,NA
232,3051.266,3051.433,2800.966,2801.1,4673.133,4681.933,5191.366,5191.566,5565.833,5567.133,15475.764,15478.631,NA,NA
233,3053.033,3056.6,2801.133,2808.833,4682.1,4706.4,5191.733,5191.866,5570.733,5571.6,15507.898,15509.098,NA,NA
234,3056.666,3057.5,2809.533,2809.633,4706.466,4718.466,5193.133,5193.466,5571.9,5572.633,15525.498,15527.031,NA,NA
235,3102.866,3104.666,2827.233,2831.833,4718.8,4719.2,5193.5,5193.533,5583,5596.533,15539.731,15540.098,NA,NA
236,3126.266,3126.466,2834.633,2835.233,4752.833,4756.9,5195.633,5195.7,5605.933,5612.233,15552.764,15553.264,NA,NA
237,3127.666,3127.866,2836.333,2836.366,5069.5,5080.633,5196.533,5196.833,5614.533,5615.233,15563.831,15565.098,NA,NA
238,3132.166,3136.1,2836.433,2836.6,5205.5,5209.6,5199.133,5199.166,5616.566,5617.566,15566.331,15567.898,NA,NA
239,3148.033,3148.666,2837.433,2843.866,5221.233,5222.833,5199.233,5199.566,5617.7,5620.3,15576.364,15578.298,NA,NA
240,3156.233,3157.1,2844.7,2845.133,5238,5244.933,5199.6,5199.633,5620.433,5622.2,15595.798,15600.498,NA,NA
241,3177.9,3178.3,2846.566,2849.5,5245.7,5252.533,5201.333,5202.766,5622.7,5622.966,15619.664,15620.298,NA,NA
242,3185.733,3187.033,2856.9,2859.2,5260.733,5263.066,5244.933,5245.7,5623.066,5630.333,15646.931,15650.331,NA,NA
243,3187.1,3187.133,2859.566,2860.233,5286.1,5286.5,5286.5,5293.966,5630.366,5630.466,15699.131,15701.864,NA,NA
244,3190.4,3190.433,2867.3,2867.5,5601.066,5605.166,5294.066,5294.333,5632.2,5632.4,15713.964,15715.098,NA,NA
245,3190.466,3190.633,2870.833,2870.933,5605.566,5605.733,5294.633,5295.233,5636.466,5636.9,15738.464,15743.998,NA,NA
246,3193.233,3195.133,2924.466,2928.133,5653.1,5655.5,5295.9,5298.166,5639.1,5640.466,15747.364,15753.731,NA,NA
247,3195.166,3195.4,3056.6,3056.666,5670.666,5674.9,5305.3,5313.4,5974.233,5975.833,15755.898,15757.231,NA,NA
248,3206.333,3207.466,3057.5,3057.6,5968.166,5972.4,5323.3,5323.6,5976.3,5976.433,16065.298,16070.064,NA,NA
249,3213.5,3213.8,3094.533,3102.866,6006.8,6011.166,5324.533,5325.3,5976.566,5992.466,16197.764,16201.764,NA,NA
250,3213.833,3213.9,3104.666,3106.9,6013.866,6052.766,5325.7,5325.766,5993.2,5995.5,16242.598,16245.298,NA,NA
251,3214.233,3214.433,3107.1,3107.6,6071.033,6085.7,5325.8,5326.1,5995.633,5996.433,16494.898,16501.764,NA,NA
252,3214.5,3214.566,3113.966,3126.266,6120.566,6125.1,5326.466,5326.733,5996.633,5997,16506.698,16515.698,NA,NA
253,3215.133,3215.166,3126.466,3127.666,6125.433,6126.8,5326.766,5326.8,5997.566,5998.033,16517.631,16521.664,NA,NA
254,3218.3,3218.833,3127.866,3128,6126.833,6126.9,5326.833,5327.066,5998.133,5999,16576.998,16585.264,NA,NA
255,3224.433,3224.633,3144.233,3144.3,6126.966,6146.8,5327.1,5327.333,5999.033,6003.766,16836.364,16838.998,NA,NA
256,3261.166,3262.433,3144.8,3146,6147.133,6150.666,5327.433,5329,6261.2,6261.333,16938.131,16942.031,NA,NA
257,3267.933,3275.966,3148.666,3156.233,6214.8,6216.266,5329.1,5329.266,6284.5,6284.766,17130.031,17132.398,NA,NA
258,3276.9,3277.7,3157.1,3177.9,6216.3,6217.233,5330.7,5332.733,6284.9,6285.133,17151.531,17156.331,NA,NA
259,3288.366,3288.5,3178.3,3185.733,6259.633,6260.833,5335.266,5338.9,6291.866,6296.866,17177.731,17178.498,NA,NA
260,3291.466,3294.033,3187.033,3187.1,6261.6,6262.3,5339.166,5339.5,6296.933,6297.033,17423.431,17428.398,NA,NA
261,3294.633,3303.566,3187.133,3190.4,6281.133,6282.366,5350.866,5350.966,6298.533,6299.533,17456.298,17475.364,NA,NA
262,3360.4,3364.4,3190.433,3190.466,6386.666,6388.7,5351,5352.066,6353.166,6353.5,17479.564,17539.231,NA,NA
263,3366.6,3368.566,3190.633,3193.233,6496.666,6505.6,5391.233,5391.433,6353.7,6361.4,17540.398,17542.898,NA,NA
264,3369.5,3371.7,3195.133,3195.166,6544.366,6546.366,5393.333,5412.966,6361.766,6374.266,17600.898,17611.898,NA,NA
265,3403.133,3403.433,3213.8,3213.833,6565.166,6569.2,5420.433,5432.366,6375.633,6376.533,17630.364,17636.898,NA,NA
266,3414.8,3415.1,3213.9,3214.233,6576.133,6603.9,5435.3,5445.566,6379.766,6379.8,17712.864,17722.198,NA,NA
267,3509.933,3512.1,3214.433,3214.5,6608.566,6610.8,5450.6,5451.266,6379.833,6379.966,17754.498,17757.131,NA,NA
268,3513.633,3516.666,3214.566,3215.133,6610.866,6610.9,5455.566,5457.033,6380,6380.166,17956.297,17987.631,NA,NA
269,3518.366,3519.9,3215.166,3215.466,6610.933,6611.033,5461.966,5463.233,6380.233,6385.466,17998.631,18001.897,NA,NA
270,3609.3,3609.533,3215.833,3216.1,6661.4,6689.333,5464.5,5469.1,6386.133,6386.566,18009.431,18010.164,NA,NA
271,3609.6,3611.266,3219,3224.433,6711.6,6715.166,5478.8,5479.8,6508.633,6508.7,18107.897,18113.364,NA,NA
272,3616.7,3617.066,3224.633,3224.666,6779.066,6779.733,5497.133,5497.2,6510.566,6510.6,18214.131,18214.531,NA,NA
273,3618.033,3618.166,3229.033,3256.1,6780,6780.266,5511.8,5512.7,6511.066,6511.6,18245.531,18246.131,NA,NA
274,3619,3619.033,3260.166,3261.166,6780.4,6780.8,5512.733,5512.966,6511.7,6511.733,18251.197,18260.797,NA,NA
275,3619.066,3620.9,3262.433,3267.933,6810.133,6810.6,5531.333,5544.733,6513.3,6514.566,18262.131,18270.931,NA,NA
276,3621.966,3626.433,3275.966,3276.9,6855.466,6856.866,5546,5565.833,6515.866,6516.066,19850.364,19854.931,NA,NA
277,3626.5,3627.066,3277.7,3283.533,6887.766,6892.233,5567.133,5570.733,6516.4,6517.166,19862.364,19866.164,NA,NA
278,3627.466,3628.233,3287.4,3288.366,6912.133,6912.933,5571.6,5571.9,6549.333,6553.733,19879.497,19891.364,NA,NA
279,3628.3,3628.366,3288.5,3291.466,6913.966,6914.066,5572.633,5583,6553.833,6555.733,19913.897,19916.664,NA,NA
280,3628.433,3628.5,3294.033,3294.633,6946.766,7040.366,5596.533,5601.066,6555.966,6558.6,19942.964,19943.897,NA,NA
281,3633.033,3633.266,3303.566,3303.966,7040.566,7040.733,5605.166,5605.566,6558.633,6558.833,19946.297,19947.631,NA,NA
282,3699.433,3700.866,3359.266,3360.4,7135.732,7160.532,5605.733,5605.933,6611.1,6611.133,19949.531,19950.197,NA,NA
283,3705.233,3707.666,3364.4,3366.6,7169.532,7195.166,5612.233,5614.533,6611.3,6626.7,19958.331,19961.964,NA,NA
284,3707.8,3710.366,3368.566,3369.5,7216.566,7320.999,5615.233,5616.566,6626.733,6626.766,19996.731,19998.164,NA,NA
285,3710.4,3710.533,3406.533,3414.8,7379.366,7379.799,5617.566,5617.7,6635.633,6650.233,20059.997,20061.164,NA,NA
286,3717.133,3717.5,3517.066,3518.366,7601.499,7602.099,5620.3,5620.433,6651.566,6652.366,20222.897,20224.931,NA,NA
287,3761.7,3762.2,3534.766,3567.533,7764.732,7772.199,5622.2,5622.7,6653.7,6654.366,20232.864,20232.931,NA,NA
288,3762.433,3768.866,3591.133,3609.3,7774.199,7788.899,5622.966,5623.066,6655,6656.666,20249.731,20249.831,NA,NA
289,3787.9,3798,3609.533,3609.6,7819.999,7820.432,5630.333,5630.366,6656.9,6658.2,NA,NA,NA,NA
290,3805.933,3806.033,3611.266,3616.7,7887.066,7891.132,5630.466,5632.2,6658.266,6659.4,NA,NA,NA,NA
291,3806.166,3807.133,3617.066,3618.033,7958.232,7959.466,5632.4,5636.466,6659.433,6661.4,NA,NA,NA,NA
292,3809.3,3809.466,3618.166,3619,8058.632,8061.399,5636.9,5639.1,6779.933,6779.966,NA,NA,NA,NA
293,3811.1,3811.466,3619.033,3619.066,8074.932,8092.399,5640.466,5653.1,6781.366,6782.3,NA,NA,NA,NA
294,3813.433,3814.3,3620.9,3621.966,8360.799,8361.499,5972.4,5974.233,6805.8,6810.133,NA,NA,NA,NA
295,3821.033,3821.4,3626.433,3626.5,8466.699,8475.532,5975.833,5976.3,6856.866,6857.633,NA,NA,NA,NA
296,3821.433,3821.466,3627.066,3627.466,8523.399,8528.866,5976.433,5976.566,6857.766,6857.866,NA,NA,NA,NA
297,3821.533,3821.6,3628.233,3628.3,8530.232,8530.899,5992.466,5993.2,6858.533,6859.866,NA,NA,NA,NA
298,3830.333,3831.166,3628.366,3628.433,8604.566,8605.066,5995.5,5995.633,6860.5,6860.566,NA,NA,NA,NA
299,3837.6,3837.633,3628.5,3633.033,8740.732,8759.366,5996.433,5996.633,6860.733,6863.2,NA,NA,NA,NA
300,3840.066,3841,3633.266,3685.6,8981.832,8981.999,5997,5997.566,6863.666,6876.933,NA,NA,NA,NA
301,3842.366,3842.6,3707.666,3707.8,8982.099,8982.166,5998.033,5998.133,6877.366,6883.466,NA,NA,NA,NA
302,3842.966,3843.566,3710.366,3710.4,8982.199,8984.632,5999,5999.033,6883.9,6883.966,NA,NA,NA,NA
303,3843.733,3844.833,3715.066,3717.133,9110.632,9119.899,6003.766,6003.8,6886.366,6887.766,NA,NA,NA,NA
304,3846.8,3847.066,3717.5,3761.7,9167.966,9170.232,6006.366,6006.8,6912.933,6913.966,NA,NA,NA,NA
305,3847.333,3849.4,3762.2,3762.433,9170.966,9171.799,6216.266,6216.3,6914.233,6915.1,NA,NA,NA,NA
306,3884.766,3899.066,3768.866,3787.9,9183.366,9196.032,6260.833,6261.2,6918.966,6919.166,NA,NA,NA,NA
307,3983.933,3990.566,3798,3805.933,10081.099,10083.665,6261.333,6261.6,6933.766,6933.8,NA,NA,NA,NA
308,4021,4022.3,3806.033,3806.166,10093.099,10093.532,6282.366,6284.5,6934.033,6935.033,NA,NA,NA,NA
309,4035.7,4037.166,3807.133,3809.3,10177.532,10180.799,6284.766,6284.9,6937.4,6937.466,NA,NA,NA,NA
310,4108.7,4109.5,3809.466,3811.1,10180.932,10181.132,6285.133,6290.766,6937.5,6937.666,NA,NA,NA,NA
311,4128.666,4130.533,3811.466,3813.433,10181.165,10181.832,6296.866,6296.933,6941.166,6942.666,NA,NA,NA,NA
312,4144.866,4146.1,3814.3,3821.033,10185.699,10185.832,6297.033,6298.533,6944.4,6946.233,NA,NA,NA,NA
313,4164.733,4165.166,3821.4,3821.433,10185.965,10189.499,6299.533,6305.5,7040.366,7040.566,NA,NA,NA,NA
314,4174.866,4175.433,3821.466,3821.533,10189.532,10190.299,6347.866,6353.166,7040.733,7041.466,NA,NA,NA,NA
315,4248.7,4253.833,3821.6,3830.333,10190.532,10191.899,6353.5,6353.7,7044.4,7046.766,NA,NA,NA,NA
316,4258.766,4261.1,3831.166,3837.6,10193.299,10195.899,6361.4,6361.766,7070.866,7072.366,NA,NA,NA,NA
317,4262.666,4264.566,3837.633,3840.066,10195.932,10196.565,6374.266,6375.633,7073.266,7074.066,NA,NA,NA,NA
318,4264.6,4265.166,3841,3842.366,10203.699,10204.132,6376.533,6379.766,7098.766,7102.132,NA,NA,NA,NA
319,4278.7,4278.766,3842.6,3842.966,10219.399,10220.232,6379.8,6379.833,7102.532,7102.599,NA,NA,NA,NA
320,4334.966,4337.4,3843.566,3843.733,10231.265,10231.665,6379.966,6380,7103.099,7105.266,NA,NA,NA,NA
321,4337.5,4338.066,3844.833,3846.8,10244.065,10246.265,6380.166,6380.233,7106.999,7112.366,NA,NA,NA,NA
322,4339.233,4339.366,3847.066,3847.333,10246.765,10246.965,6385.466,6386.133,7132.099,7134.832,NA,NA,NA,NA
323,4370.566,4373.133,3849.4,3866.133,10247.199,10247.532,6386.566,6386.666,7325.899,7326.732,NA,NA,NA,NA
324,4378.466,4381.7,3876.4,3877.966,10247.665,10248.532,6505.6,6508.633,7326.966,7329.499,NA,NA,NA,NA
325,4387.4,4387.5,3878.133,3878.233,10251.399,10251.532,6508.7,6510.566,7330.166,7336.499,NA,NA,NA,NA
326,4430.566,4430.7,3879.6,3879.666,10258.865,10265.199,6510.6,6511.066,7374.566,7378.432,NA,NA,NA,NA
327,4431.033,4433.266,3899.066,3904.4,10266.065,10267.132,6511.6,6511.7,7602.366,7602.632,NA,NA,NA,NA
328,4436.933,4437.2,3910.066,3913.9,10272.332,10274.765,6511.733,6513.3,7602.699,7613.032,NA,NA,NA,NA
329,4438.6,4442.066,3926.966,3940.2,10274.832,10277.099,6514.566,6515.866,7618.466,7618.932,NA,NA,NA,NA
330,4443.366,4444.933,3942.566,3946.433,10280.399,10281.132,6516.066,6516.4,7619.566,7619.766,NA,NA,NA,NA
331,4446.533,4446.766,3950.533,3963.766,10288.499,10289.365,6517.166,6544.366,7619.999,7620.466,NA,NA,NA,NA
332,4476.933,4479.166,3990.566,4018.066,10292.832,10298.965,6546.366,6549.333,7620.766,7621.932,NA,NA,NA,NA
333,4485.166,4491.3,4022.3,4035.7,10298.999,10299.032,6553.733,6553.833,7626.066,7626.866,NA,NA,NA,NA
334,4491.4,4491.5,4037.166,4057,10299.065,10299.165,6555.733,6555.966,7635.932,7636.299,NA,NA,NA,NA
335,4491.533,4492,4061.833,4064.433,10299.199,10312.365,6558.6,6558.633,7637.599,7643.766,NA,NA,NA,NA
336,4492.9,4493.333,4067.166,4092.4,10317.265,10319.099,6558.833,6565.166,7643.932,7674.432,NA,NA,NA,NA
337,4496.566,4497,4130.733,4131.033,10319.232,10319.532,6610.8,6610.866,7793.932,7794.266,NA,NA,NA,NA
338,4498.466,4500.333,4146.1,4158.4,10337.432,10338.899,6610.9,6610.933,7794.532,7796.132,NA,NA,NA,NA
339,4514.966,4515.433,4165.166,4169.733,10567.765,10595.932,6611.033,6611.1,7797.766,7798.366,NA,NA,NA,NA
340,4519,4525.3,4175.433,4179.233,10612.799,10621.232,6611.133,6611.3,7798.899,7808.999,NA,NA,NA,NA
341,4525.7,4528.133,4192.933,4207.533,10621.365,10621.632,6626.7,6626.733,7810.866,7819.599,NA,NA,NA,NA
342,4530.466,4534.166,4210.733,4215,10626.032,10632.565,6626.766,6626.933,7819.732,7819.999,NA,NA,NA,NA
343,4645.566,4646.566,4217.8,4219.333,10632.599,10635.999,6650.233,6651.566,7891.199,7891.832,NA,NA,NA,NA
344,4672.766,4672.833,4243.233,4243.266,10640.165,10643.865,6652.366,6653.7,7892.032,7892.699,NA,NA,NA,NA
345,4681.933,4682.1,4244.766,4248.7,10651.999,10653.899,6654.366,6655,7893.166,7893.299,NA,NA,NA,NA
346,4706.4,4706.466,4253.833,4253.866,10654.465,10656.865,6656.666,6656.9,7894.999,7895.166,NA,NA,NA,NA
347,4757,4757.733,4261.1,4262.666,10657.232,10657.299,6658.2,6658.266,7896.466,7896.666,NA,NA,NA,NA
348,4773.833,4777.1,4264.566,4264.6,10657.332,10657.732,6659.4,6659.433,7897.232,7913.932,NA,NA,NA,NA
349,4778.2,4785.5,4265.166,4278.7,10658.332,10660.499,6779.733,6779.933,7924.099,7926.666,NA,NA,NA,NA
350,4822.5,4824.166,4278.766,4293.566,10685.965,10705.498,6779.966,6780,7926.866,7942.499,NA,NA,NA,NA
351,5036.2,5036.4,4299.766,4304.566,10705.765,10708.465,6780.266,6780.4,8061.699,8063.366,NA,NA,NA,NA
352,5038.9,5039.1,4314.133,4334.966,10708.498,10708.531,6780.8,6781.366,8063.632,8068.799,NA,NA,NA,NA
353,5039.5,5039.833,4337.4,4337.5,10708.598,10708.631,6782.3,6800.366,8361.899,8365.632,NA,NA,NA,NA
354,5042.266,5042.3,4338.066,4339.233,10708.665,10708.731,6805.366,6805.8,8365.666,8367.432,NA,NA,NA,NA
355,5042.366,5042.4,4361.366,4364.133,10709.031,10711.598,6857.633,6857.766,8384.866,8418.132,NA,NA,NA,NA
356,5043.266,5044.166,4367.1,4367.233,10724.098,10725.698,6857.866,6858.533,8422.766,8431.299,NA,NA,NA,NA
357,5060.566,5062.633,4367.666,4367.733,10725.865,10726.931,6859.866,6860.5,8432.766,8434.966,NA,NA,NA,NA
358,5064.166,5064.766,4370.3,4370.566,10742.365,10743.131,6860.566,6860.733,8605.299,8614.032,NA,NA,NA,NA
359,5213.533,5218.733,4373.133,4373.8,10759.165,10761.465,6863.2,6863.666,8704.032,8704.432,NA,NA,NA,NA
360,5218.933,5219.1,4376.6,4378.466,10770.531,10771.131,6876.933,6877.366,8704.532,8721.532,NA,NA,NA,NA
361,5219.266,5220.666,4381.7,4387.4,10775.598,10813.398,6883.466,6883.9,8721.666,8721.732,NA,NA,NA,NA
362,5252.966,5254.233,4387.5,4430.566,11069.098,11069.598,6883.966,6886.366,8723.199,8723.799,NA,NA,NA,NA
363,5256.1,5258.8,4430.7,4431.033,11143.731,11147.098,6914.066,6914.233,8724.132,8738.632,NA,NA,NA,NA
364,5258.9,5258.966,4433.266,4436.933,11147.331,11147.665,6915.1,6918.966,8984.932,8991.299,NA,NA,NA,NA
365,5281.633,5282.866,4437.2,4438.6,11378.365,11383.631,6919.166,6919.433,9098.866,9099.966,NA,NA,NA,NA
366,5285.033,5285.6,4442.066,4443.366,11383.731,11383.998,6925.166,6933.766,9100.632,9100.699,NA,NA,NA,NA
367,5285.7,5285.866,4444.933,4446.533,11396.731,11408.465,6933.8,6934.033,9102.332,9102.466,NA,NA,NA,NA
368,5655.5,5657.166,4446.766,4451.5,11410.998,11413.131,6935.033,6937.4,9171.999,9173.632,NA,NA,NA,NA
369,5657.2,5663.266,4451.766,4451.8,11859.498,11866.765,6937.466,6937.5,9181.232,9183.032,NA,NA,NA,NA
370,5664.7,5665.6,4463.066,4476.933,11867.265,11867.298,6937.666,6941.166,10083.999,10085.299,NA,NA,NA,NA
371,5666.3,5668.433,4479.166,4485.166,11867.331,11870.831,6942.666,6944.4,10085.399,10093.032,NA,NA,NA,NA
372,5668.6,5669.333,4491.3,4491.4,11889.998,11915.598,6946.233,6946.766,10180.799,10180.932,NA,NA,NA,NA
373,5669.933,5670,4491.5,4491.533,11986.598,11989.631,7041.466,7044.4,10181.132,10181.165,NA,NA,NA,NA
374,5670.1,5670.266,4492,4492.9,12014.498,12018.865,7046.766,7070.866,10181.999,10182.032,NA,NA,NA,NA
375,5801.333,5802,4493.333,4496.566,12037.465,12038.031,7072.366,7073.266,10182.165,10182.232,NA,NA,NA,NA
376,5808.7,5809,4497,4498.466,12349.898,12349.965,7074.066,7098.766,10182.265,10183.265,NA,NA,NA,NA
377,5809.666,5810.733,4500.333,4500.766,12350.165,12354.531,7102.132,7102.532,10183.465,10183.899,NA,NA,NA,NA
378,5811.5,5811.666,4505.733,4514.966,12354.665,12380.031,7102.599,7103.099,10184.032,10184.165,NA,NA,NA,NA
379,5811.933,5814.5,4515.433,4519,12380.665,12386.365,7105.266,7106.999,10184.365,10184.965,NA,NA,NA,NA
380,5815.266,5817.033,4525.3,4525.7,12395.031,12395.165,7112.366,7112.866,10185.232,10185.599,NA,NA,NA,NA
381,5817.4,5820.3,4528.133,4530.466,12395.565,12397.798,7160.532,7169.532,10190.299,10190.532,NA,NA,NA,NA
382,5822.166,5823.733,4534.166,4534.966,12397.831,12397.865,7320.999,7325.899,10192.032,10192.232,NA,NA,NA,NA
383,5825,5825.3,4646.566,4647.766,12397.898,12397.965,7326.732,7326.966,10192.399,10193.132,NA,NA,NA,NA
384,5825.6,5827.333,4670.5,4672.766,12401.998,12413.931,7329.499,7330.166,10195.899,10195.932,NA,NA,NA,NA
385,5829.933,5830.4,4672.833,4673.133,12414.398,12415.365,7336.499,7374.566,10196.665,10197.099,NA,NA,NA,NA
386,5833.1,5833.233,4756.9,4757,12415.465,12415.798,7378.432,7379.366,10197.299,10201.832,NA,NA,NA,NA
387,5833.366,5833.433,4757.733,4764.333,12417.898,12418.365,7602.099,7602.366,10225.732,10226.032,NA,NA,NA,NA
388,5836.2,5836.333,4777.1,4778.2,12418.798,12423.265,7602.632,7602.699,10226.199,10226.432,NA,NA,NA,NA
389,5836.433,5837.2,4785.5,4786.266,12423.531,12426.098,7613.032,7618.466,10226.832,10227.165,NA,NA,NA,NA
390,5837.266,5837.333,4796.866,4803.1,12426.231,12431.165,7618.932,7619.566,10227.632,10228.265,NA,NA,NA,NA
391,5839.2,5839.266,4818.366,4822.5,12432.965,12434.498,7619.766,7619.999,10228.299,10228.465,NA,NA,NA,NA
392,5839.666,5839.933,4824.166,4847.966,12436.731,12439.898,7620.466,7620.766,10228.865,10228.899,NA,NA,NA,NA
393,5841.4,5841.533,4858.166,4908.966,12454.865,12454.998,7621.932,7626.066,10230.232,10231.032,NA,NA,NA,NA
394,5842.533,5843.1,4912.566,4916.7,12455.031,12455.665,7626.866,7635.932,10246.332,10246.432,NA,NA,NA,NA
395,5862.5,5862.8,4928.666,4939,12468.565,12471.765,7636.299,7637.599,10247.032,10247.132,NA,NA,NA,NA
396,5877.5,5883.133,4944.266,4944.933,12786.398,12786.631,7643.766,7643.932,10247.532,10247.665,NA,NA,NA,NA
397,5885.9,5886.233,4969.933,4970.466,12786.765,12786.965,7674.432,7690.399,10248.765,10249.099,NA,NA,NA,NA
398,5889.2,5889.4,4970.7,4978.366,12787.231,12789.698,7697.199,7707.732,10249.532,10251.065,NA,NA,NA,NA
399,5889.466,5889.6,4980.6,5036.2,12803.498,12806.765,7711.199,7718.666,10251.232,10251.365,NA,NA,NA,NA
400,5889.8,5890,5036.4,5038.9,12807.665,12807.765,7719.332,7726.332,10251.832,10252.799,NA,NA,NA,NA
401,5910.8,5910.966,5039.1,5039.5,12919.631,12920.665,7731.199,7737.266,10253.732,10255.232,NA,NA,NA,NA
402,5911.133,5911.766,5039.833,5042.266,12951.431,12951.465,7739.399,7739.799,10257.532,10258.865,NA,NA,NA,NA
403,5921.633,5921.866,5042.3,5042.366,13001.431,13008.065,7741.999,7763.799,10274.765,10274.832,NA,NA,NA,NA
404,5922.233,5922.866,5042.4,5043.266,13008.098,13009.065,7788.899,7793.932,10278.599,10278.732,NA,NA,NA,NA
405,6086.166,6120.566,5044.166,5060.566,13009.331,13010.231,7794.266,7794.532,10278.965,10278.999,NA,NA,NA,NA
406,6125.1,6125.433,5062.633,5064.166,13013.498,13021.631,7796.132,7797.766,10279.299,10279.399,NA,NA,NA,NA
407,6152.333,6152.866,5064.766,5065.366,13073.531,13077.665,7798.366,7798.899,10279.832,10280.199,NA,NA,NA,NA
408,6153,6153.2,5209.6,5211.066,13152.165,13171.198,7808.999,7810.866,10289.665,10289.899,NA,NA,NA,NA
409,6207.866,6208.2,5218.733,5218.933,13221.898,13223.698,7819.599,7819.732,10289.999,10292.599,NA,NA,NA,NA
410,6210.633,6211.433,5219.1,5219.266,13232.098,13244.765,7891.132,7891.199,10298.965,10298.999,NA,NA,NA,NA
411,6211.733,6212.966,5220.666,5221.233,13244.798,13244.831,7891.832,7892.032,10299.032,10299.065,NA,NA,NA,NA
412,6217.466,6219.566,5222.833,5222.866,13476.565,13481.531,7892.699,7893.166,10299.165,10299.199,NA,NA,NA,NA
413,6219.7,6219.766,5225.766,5233.7,13483.198,13484.431,7893.299,7894.999,10319.099,10319.232,NA,NA,NA,NA
414,6243.033,6259.133,5237.7,5238,13507.131,13617.831,7895.166,7896.466,10321.165,10323.532,NA,NA,NA,NA
415,6263.4,6264.9,5252.533,5252.966,13664.398,13666.931,7896.666,7897.232,10333.565,10336.099,NA,NA,NA,NA
416,6389.066,6389.366,5254.233,5256.1,13812.565,13812.765,7913.932,7924.099,10603.332,10603.432,NA,NA,NA,NA
417,6393.9,6394.3,5258.8,5258.9,13818.265,13819.898,7926.666,7926.866,10604.965,10606.632,NA,NA,NA,NA
418,6406.433,6409.166,5258.966,5260.733,13820.565,13820.831,7942.499,7958.232,10608.265,10609.099,NA,NA,NA,NA
419,6410.5,6411.266,5263.066,5281.633,13820.931,13821.031,8061.399,8061.699,10609.199,10610.032,NA,NA,NA,NA
420,6411.3,6413.233,5282.866,5285.033,13822.231,13822.298,8063.366,8063.632,10610.165,10612.799,NA,NA,NA,NA
421,6413.366,6424.133,5285.6,5285.7,13822.898,13823.065,8068.799,8071.466,10622.332,10622.765,NA,NA,NA,NA
422,6443.033,6443.766,5285.866,5286.1,13823.298,13824.398,8361.499,8361.899,10636.299,10636.432,NA,NA,NA,NA
423,6443.8,6444.1,5657.166,5657.2,13824.498,13836.165,8365.632,8365.666,10636.465,10636.832,NA,NA,NA,NA
424,6444.3,6445.166,5663.266,5664.7,13840.065,13851.865,8367.432,8377.699,10636.932,10640.165,NA,NA,NA,NA
425,6445.3,6445.466,5665.6,5666.3,13852.065,13852.331,8378.732,8384.866,10654.032,10654.132,NA,NA,NA,NA
426,6447.966,6448.3,5668.433,5668.6,13852.498,13853.231,8418.132,8422.766,10654.165,10654.465,NA,NA,NA,NA
427,6462.1,6462.166,5669.333,5669.933,13853.265,13853.831,8431.299,8432.766,10657.299,10657.332,NA,NA,NA,NA
428,6463.9,6464.433,5670,5670.1,13853.965,13855.065,8434.966,8438.432,10657.732,10658.332,NA,NA,NA,NA
429,6465.933,6466.133,5670.266,5670.666,13855.665,13857.598,8439.932,8466.699,10705.531,10705.765,NA,NA,NA,NA
430,6468.933,6469.133,5674.9,5675.133,13858.465,13859.098,8605.066,8605.299,10708.465,10708.498,NA,NA,NA,NA
431,6469.2,6471.333,5677.4,5681.933,13903.765,13908.465,8614.032,8638.766,10708.531,10708.598,NA,NA,NA,NA
432,6486.466,6488.833,5685.666,5686.233,13908.565,13908.765,8640.432,8644.632,10708.631,10708.665,NA,NA,NA,NA
433,6489.733,6489.8,5697.333,5702.833,13908.798,13908.865,8654.299,8661.832,10708.731,10709.031,NA,NA,NA,NA
434,6490.166,6492.566,5708.8,5769.3,13908.931,13908.965,8663.832,8668.099,10727.665,10727.698,NA,NA,NA,NA
435,6492.633,6493.7,5777.333,5801.333,13910.065,13910.331,8669.166,8684.166,10728.298,10729.198,NA,NA,NA,NA
436,6494.033,6494.266,5802,5808.7,13910.698,13910.798,8687.632,8704.032,10732.598,10732.998,NA,NA,NA,NA
437,6494.6,6494.633,5809,5809.666,13910.831,13911.431,8704.432,8704.532,10737.731,10737.831,NA,NA,NA,NA
438,6494.7,6496.666,5810.733,5811.5,13911.598,13911.898,8721.532,8721.666,10741.898,10742.365,NA,NA,NA,NA
439,6603.966,6604.9,5811.666,5811.933,13912.098,13912.498,8721.732,8723.199,10769.298,10770.465,NA,NA,NA,NA
440,6605.033,6605.1,5814.5,5815.266,13914.965,13916.898,8723.799,8724.132,10813.565,10813.631,NA,NA,NA,NA
441,6607.066,6607.166,5817.033,5817.4,13916.931,13916.998,8738.632,8740.732,10813.665,10813.698,NA,NA,NA,NA
442,6690,6706.3,5820.3,5822.166,13917.065,13917.131,8984.632,8984.932,10814.898,10816.231,NA,NA,NA,NA
443,6708,6708.733,5823.733,5825,13917.165,13917.431,8991.299,9098.866,10816.865,10819.498,NA,NA,NA,NA
444,6708.9,6709.9,5825.3,5825.6,13917.465,13917.565,9099.966,9100.632,10819.631,10819.998,NA,NA,NA,NA
445,6715.533,6715.6,5827.333,5829.933,13928.765,13964.265,9100.699,9102.332,10820.465,10820.498,NA,NA,NA,NA
446,6715.766,6715.8,5830.4,5833.1,14126.598,14127.165,9102.466,9110.632,10820.531,10821.965,NA,NA,NA,NA
447,6715.866,6716.233,5833.233,5833.366,14335.098,14335.464,9171.799,9171.999,10822.165,10836.998,NA,NA,NA,NA
448,6746.8,6746.833,5833.433,5836.2,14335.631,14375.364,9173.632,9181.232,10837.198,10837.431,NA,NA,NA,NA
449,6747.1,6747.233,5836.333,5836.433,14377.631,14387.331,9183.032,9183.366,10838.898,10863.598,NA,NA,NA,NA
450,6752.633,6752.666,5837.2,5837.266,14486.931,14490.431,10083.665,10083.999,10865.865,10866.398,NA,NA,NA,NA
451,6752.8,6753.633,5837.333,5839.2,14534.398,14536.731,10085.299,10085.399,10868.531,10878.531,NA,NA,NA,NA
452,6755.433,6756.7,5839.266,5839.666,14675.831,14684.498,10093.032,10093.099,10878.631,10878.865,NA,NA,NA,NA
453,6756.966,6769.066,5839.933,5841.4,14685.231,14689.498,10181.832,10181.999,10879.031,10884.198,NA,NA,NA,NA
454,6820.633,6820.733,5841.533,5842.533,14721.698,14722.198,10182.032,10182.165,10885.665,10894.231,NA,NA,NA,NA
455,6822.966,6825.733,5843.1,5843.533,14722.298,14722.631,10182.232,10182.265,10894.331,10894.865,NA,NA,NA,NA
456,6834.1,6834.533,5852.133,5862.5,14851.231,14852.798,10183.265,10183.465,10894.898,10912.431,NA,NA,NA,NA
457,6836.333,6836.4,5862.8,5877.5,14852.831,14852.898,10183.899,10184.032,10912.798,10915.931,NA,NA,NA,NA
458,6836.433,6836.6,5883.133,5885.9,14853.098,14853.498,10184.165,10184.365,10916.031,10922.531,NA,NA,NA,NA
459,6892.833,6893.833,5886.233,5889.2,14853.531,14854.298,10184.965,10185.232,10922.731,10927.598,NA,NA,NA,NA
460,6895.633,6907.266,5889.4,5889.466,14854.364,14854.398,10185.599,10185.699,10928.231,10940.898,NA,NA,NA,NA
461,6907.6,6907.866,5889.6,5889.8,14854.598,14855.064,10185.832,10185.965,10941.665,10957.431,NA,NA,NA,NA
462,6908.133,6908.166,5890,5910.8,14860.331,14861.964,10189.499,10189.532,10958.431,10959.165,NA,NA,NA,NA
463,7195.732,7195.766,5910.966,5911.133,14877.231,14879.031,10191.899,10192.032,10960.498,10960.565,NA,NA,NA,NA
464,7195.932,7195.999,5911.766,5921.633,14893.398,14896.498,10192.232,10192.399,10960.765,10962.165,NA,NA,NA,NA
465,7196.799,7197.066,5921.866,5922.233,14897.998,14921.764,10193.132,10193.299,10962.298,10965.565,NA,NA,NA,NA
466,7197.232,7197.432,5922.866,5929.033,14921.831,14943.064,10196.565,10196.665,10967.031,10967.165,NA,NA,NA,NA
467,7199.832,7201.332,5930.233,5934.633,14959.664,14963.498,10197.099,10197.299,10967.431,10967.498,NA,NA,NA,NA
468,7201.466,7207.766,5949.7,5949.9,14994.864,14998.931,10201.832,10203.699,10967.698,10968.231,NA,NA,NA,NA
469,7207.832,7208.232,5959.8,5968.166,15000.398,15033.664,10220.232,10225.732,10969.165,10971.765,NA,NA,NA,NA
470,7208.299,7210.966,6085.7,6086.166,15040.231,15047.398,10226.032,10226.199,10971.831,10973.765,NA,NA,NA,NA
471,7211.032,7215.099,6126.8,6126.833,15054.664,15057.098,10226.432,10226.832,10973.898,10974.365,NA,NA,NA,NA
472,7215.132,7216.332,6126.9,6126.966,15072.964,15099.531,10227.165,10227.632,10974.765,10977.098,NA,NA,NA,NA
473,7391.866,7392.732,6146.8,6147.133,15464.631,15465.264,10228.265,10228.299,10977.831,10978.231,NA,NA,NA,NA
474,7392.832,7392.966,6150.666,6152.333,15465.431,15465.598,10228.465,10228.865,10979.365,10982.331,NA,NA,NA,NA
475,7505.599,7507.199,6152.866,6153,15494.264,15506.964,10228.899,10230.232,10995.665,10996.098,NA,NA,NA,NA
476,7512.199,7521.666,6153.2,6153.9,15507.131,15507.164,10231.032,10231.265,10996.698,10996.831,NA,NA,NA,NA
477,7524.666,7525.132,6195.033,6207.866,15507.231,15507.898,10246.265,10246.332,10998.265,10998.531,NA,NA,NA,NA
478,7527.299,7527.432,6208.2,6210.633,15513.464,15524.531,10246.432,10246.765,10999.431,10999.565,NA,NA,NA,NA
479,7527.566,7527.932,6211.433,6211.733,15534.431,15539.731,10246.965,10247.032,10999.598,10999.831,NA,NA,NA,NA
480,7560.566,7564.766,6212.966,6214.8,15541.864,15550.798,10247.132,10247.199,11001.665,11002.398,NA,NA,NA,NA
481,7564.899,7587.099,6217.233,6217.466,15550.831,15552.531,10248.532,10248.765,11003.665,11003.998,NA,NA,NA,NA
482,7591.832,7601.199,6219.566,6219.7,15561.431,15563.831,10249.099,10249.532,11004.631,11006.165,NA,NA,NA,NA
483,7820.832,7844.532,6219.766,6243.033,15565.098,15566.331,10251.065,10251.232,11006.365,11006.498,NA,NA,NA,NA
484,7844.599,7844.666,6259.133,6259.633,15567.998,15576.231,10251.365,10251.399,11007.598,11013.431,NA,NA,NA,NA
485,7961.632,8048.032,6262.3,6263.4,15589.431,15590.464,10251.532,10251.832,11067.731,11069.031,NA,NA,NA,NA
486,8056.232,8056.932,6264.9,6281.133,15601.331,15604.498,10252.799,10253.732,11147.098,11147.331,NA,NA,NA,NA
487,8096.832,8097.799,6388.7,6389.066,15604.564,15604.798,10255.232,10257.532,11150.265,11150.431,NA,NA,NA,NA
488,8097.832,8098.432,6389.366,6393.9,15605.098,15605.364,10277.099,10278.599,11168.298,11168.531,NA,NA,NA,NA
489,8113.299,8121.399,6394.3,6406.433,15607.164,15609.764,10278.732,10278.965,11169.131,11208.365,NA,NA,NA,NA
490,8126.066,8127.466,6409.166,6410.5,15615.131,15618.364,10278.999,10279.299,11212.165,11214.765,NA,NA,NA,NA
491,8127.599,8127.666,6411.266,6411.3,15618.664,15619.498,10279.399,10279.832,11214.831,11216.431,NA,NA,NA,NA
492,8127.932,8128.266,6413.233,6413.366,15620.298,15644.831,10280.199,10280.399,11227.831,11227.898,NA,NA,NA,NA
493,8154.332,8155.332,6424.133,6434.033,15650.331,15699.131,10289.365,10289.665,11228.231,11228.298,NA,NA,NA,NA
494,8155.399,8315.766,6436.433,6443.033,15701.864,15704.664,10289.899,10289.999,11238.031,11238.498,NA,NA,NA,NA
495,8315.866,8325.166,6443.766,6443.8,15709.264,15709.798,10292.599,10292.832,11240.231,11240.365,NA,NA,NA,NA
496,8327.232,8327.299,6444.1,6444.3,15709.864,15710.198,10319.532,10321.165,11240.498,11306.798,NA,NA,NA,NA
497,8327.432,8327.499,6445.166,6445.3,15710.231,15713.764,10323.532,10333.565,11306.865,11307.531,NA,NA,NA,NA
498,8327.632,8327.699,6445.466,6447.966,15715.098,15734.364,10595.932,10603.332,11307.598,11307.798,NA,NA,NA,NA
499,8328.099,8328.166,6448.3,6462.1,15734.398,15735.631,10603.432,10604.965,11307.998,11308.065,NA,NA,NA,NA
500,8476.566,8517.799,6462.166,6463.9,15736.631,15738.398,10606.632,10608.265,11308.398,11311.465,NA,NA,NA,NA
501,8550.966,8603.366,6464.433,6465.933,15753.731,15755.898,10609.099,10609.199,11311.798,11318.398,NA,NA,NA,NA
502,8604.099,8604.166,6466.133,6468.933,15878.164,15878.564,10610.032,10610.165,11318.498,11318.531,NA,NA,NA,NA
503,8761.766,8864.732,6469.133,6469.2,15878.664,15878.998,10621.232,10621.365,11318.698,11347.265,NA,NA,NA,NA
504,8864.799,8864.866,6471.333,6476.533,15908.964,15909.664,10621.632,10622.332,11351.165,11351.298,NA,NA,NA,NA
505,8864.932,8864.999,6477.6,6486.466,15932.331,15933.931,10622.765,10626.032,11372.198,11373.165,NA,NA,NA,NA
506,8865.199,8865.666,6488.833,6489.733,16078.298,16086.798,10632.565,10632.599,11373.665,11375.431,NA,NA,NA,NA
507,8865.799,8981.332,6489.8,6490.166,16126.898,16127.264,10635.999,10636.299,11376.665,11377.731,NA,NA,NA,NA
508,9131.966,9132.066,6492.566,6492.633,16127.398,16127.431,10636.432,10636.465,12446.398,12447.898,NA,NA,NA,NA
509,9132.166,9161.899,6493.7,6494.033,16127.464,16132.098,10636.832,10636.932,12454.331,12454.665,NA,NA,NA,NA
510,9163.299,9163.832,6494.266,6494.6,16135.464,16135.531,10653.899,10654.032,12454.731,12454.865,NA,NA,NA,NA
511,9227.432,9230.999,6494.633,6494.7,16152.964,16196.831,10654.132,10654.165,12454.998,12455.031,NA,NA,NA,NA
512,9233.366,9233.999,6569.2,6572.5,16197.031,16197.064,10656.865,10657.232,12803.165,12803.431,NA,NA,NA,NA
513,9236.766,9257.299,6603.9,6603.966,16197.098,16197.431,10705.498,10705.531,12806.831,12807.298,NA,NA,NA,NA
514,9259.499,9260.099,6604.9,6605.033,16213.364,16239.031,10725.698,10725.865,12807.431,12807.665,NA,NA,NA,NA
515,9260.499,9260.699,6605.1,6607.066,16239.531,16239.764,10726.931,10727.665,12807.831,12807.998,NA,NA,NA,NA
516,9262.232,9263.899,6607.166,6608.566,16239.831,16240.664,10727.698,10728.298,12808.298,12810.265,NA,NA,NA,NA
517,9275.699,9276.166,6689.333,6690,16241.898,16242.564,10729.198,10732.598,12810.298,12810.565,NA,NA,NA,NA
518,9276.266,9276.332,6706.3,6708,16245.298,16263.698,10732.998,10737.731,12810.631,12810.898,NA,NA,NA,NA
519,9278.266,9279.066,6708.733,6708.9,16266.098,16285.331,10737.831,10741.898,12812.531,12813.331,NA,NA,NA,NA
520,9282.499,9283.732,6709.9,6711.6,16521.664,16521.698,10761.465,10769.298,12813.398,12813.531,NA,NA,NA,NA
521,9288.032,9289.232,6715.166,6715.533,16521.731,16521.798,10770.465,10770.531,12813.631,12813.665,NA,NA,NA,NA
522,9289.366,9296.166,6715.6,6715.766,16522.098,16528.864,10813.398,10813.565,12813.865,12814.398,NA,NA,NA,NA
523,9296.232,9296.266,6715.8,6715.866,16585.264,16587.131,10813.631,10813.665,12814.531,12818.865,NA,NA,NA,NA
524,9296.299,9302.599,6716.233,6746.8,16608.131,16608.664,10813.698,10814.898,12819.531,12820.598,NA,NA,NA,NA
525,9302.666,9304.399,6746.833,6747.1,16839.198,16846.764,10816.231,10816.865,12821.531,12823.631,NA,NA,NA,NA
526,9305.266,9310.466,6747.233,6752.633,16948.464,16967.131,10819.498,10819.631,12823.865,12824.698,NA,NA,NA,NA
527,9310.866,9310.999,6752.666,6752.8,16967.198,16967.364,10819.998,10820.465,12824.965,12824.998,NA,NA,NA,NA
528,9311.599,9311.999,6753.633,6755.433,16967.698,16969.564,10820.498,10820.531,12825.298,12825.365,NA,NA,NA,NA
529,9314.599,9321.666,6756.7,6756.966,17112.764,17125.398,10821.965,10822.165,12825.531,12825.698,NA,NA,NA,NA
530,9324.466,10079.899,6769.066,6772,17127.164,17129.298,10836.998,10837.198,12825.965,12826.031,NA,NA,NA,NA
531,10093.832,10115.899,6775.333,6779.066,17129.431,17129.464,10837.431,10838.898,12826.098,12826.998,NA,NA,NA,NA
532,10115.999,10144.732,6810.6,6820.633,17129.598,17129.664,10863.598,10865.865,12832.098,12832.131,NA,NA,NA,NA
533,10147.065,10176.199,6820.733,6822.966,17171.531,17177.731,10866.398,10868.531,12837.765,12838.898,NA,NA,NA,NA
534,10204.499,10210.099,6825.733,6834.1,17178.498,17181.798,10878.531,10878.631,12841.331,12841.431,NA,NA,NA,NA
535,10212.499,10212.599,6834.533,6836.333,17639.431,17640.731,10878.865,10879.031,12841.498,12841.665,NA,NA,NA,NA
536,10213.599,10214.432,6836.4,6836.433,17640.764,17640.798,10884.198,10885.665,12844.698,12844.731,NA,NA,NA,NA
537,10215.099,10215.199,6836.6,6842.4,17640.831,17640.931,10894.231,10894.331,12844.798,12844.998,NA,NA,NA,NA
538,10231.965,10232.032,6855.033,6855.466,17658.964,17660.798,10894.865,10894.898,12870.331,12873.465,NA,NA,NA,NA
539,10233.465,10233.565,6892.233,6892.833,17744.031,17744.631,10912.431,10912.798,12875.598,12883.898,NA,NA,NA,NA
540,10268.832,10269.165,6893.833,6895.633,17940.297,17946.297,10915.931,10916.031,12909.465,12909.765,NA,NA,NA,NA
541,10541.465,10566.999,6907.266,6907.6,18113.364,18113.697,10922.531,10922.731,13008.065,13008.098,NA,NA,NA,NA
542,10712.031,10713.098,6907.866,6908.133,18113.764,18116.331,10927.598,10928.231,13009.065,13009.331,NA,NA,NA,NA
543,10713.498,10716.865,6908.166,6912.133,18121.464,18128.064,10940.898,10941.665,13012.398,13012.731,NA,NA,NA,NA
544,10716.931,10716.998,7195.166,7195.732,18128.131,18131.197,10957.431,10958.431,13012.831,13012.998,NA,NA,NA,NA
545,10748.031,10748.265,7195.766,7195.932,18141.264,18144.397,10959.165,10960.498,13021.765,13025.131,NA,NA,NA,NA
546,10749.431,10752.431,7195.999,7196.799,18271.997,18278.464,10960.565,10960.765,13027.065,13027.698,NA,NA,NA,NA
547,11069.931,11088.198,7197.066,7197.232,19847.397,19848.564,10962.165,10962.298,13027.865,13028.465,NA,NA,NA,NA
548,11088.965,11093.898,7197.432,7199.832,19848.597,19848.997,10965.565,10967.031,13028.565,13029.698,NA,NA,NA,NA
549,11094.331,11094.731,7201.332,7201.466,19871.131,19879.497,10967.165,10967.431,13029.765,13029.831,NA,NA,NA,NA
550,11094.831,11094.898,7207.766,7207.832,19891.364,19905.864,10967.498,10967.698,13029.998,13030.331,NA,NA,NA,NA
551,11098.531,11128.431,7208.232,7208.299,19905.931,19912.731,10968.231,10969.165,13038.165,13038.231,NA,NA,NA,NA
552,11128.498,11133.398,7210.966,7211.032,19912.964,19912.997,10971.765,10971.831,13038.331,13039.331,NA,NA,NA,NA
553,11436.665,11436.965,7215.099,7215.132,19913.031,19913.264,10973.765,10973.898,13041.331,13059.865,NA,NA,NA,NA
554,11437.031,11470.598,7216.332,7216.566,19913.297,19913.897,10974.365,10974.765,13060.065,13060.198,NA,NA,NA,NA
555,11472.065,11484.365,7379.799,7391.866,19916.697,19927.364,10977.098,10977.831,13060.731,13060.798,NA,NA,NA,NA
556,11523.765,11657.798,7392.732,7392.832,19928.864,19939.231,10978.231,10979.365,13061.531,13065.865,NA,NA,NA,NA
557,11658.165,11658.298,7392.966,7412.099,19943.897,19946.064,10982.331,10995.665,13066.131,13070.098,NA,NA,NA,NA
558,11658.565,11658.631,7414.632,7426.366,19961.964,19971.564,10996.098,10996.698,13077.865,13078.198,NA,NA,NA,NA
559,11658.665,11662.031,7431.232,7472.232,19971.631,19974.931,10996.831,10998.265,13078.298,13078.598,NA,NA,NA,NA
560,11672.231,11676.231,7477.032,7484.632,19975.131,19978.497,10998.531,10999.431,13083.398,13083.498,NA,NA,NA,NA
561,11676.465,11678.165,7493.966,7505.599,19983.131,19996.497,10999.565,10999.598,13186.465,13187.265,NA,NA,NA,NA
562,11837.565,11852.498,7507.199,7512.199,19998.231,20000.697,10999.831,11001.665,13187.598,13187.965,NA,NA,NA,NA
563,11853.931,11854.631,7521.666,7524.666,20007.997,20008.131,11002.398,11003.665,13484.965,13502.765,NA,NA,NA,NA
564,11858.631,11859.398,7525.132,7527.299,20014.031,20030.397,11003.998,11004.631,13851.865,13852.065,NA,NA,NA,NA
565,11866.765,11867.265,7527.432,7527.566,20030.464,20030.764,11006.165,11006.365,13852.331,13852.498,NA,NA,NA,NA
566,11867.298,11867.331,7527.932,7560.566,20210.597,20222.897,11006.498,11007.598,13853.231,13853.265,NA,NA,NA,NA
567,11938.765,11938.831,7564.766,7564.899,20224.931,20231.931,11013.431,11065.098,13853.831,13853.965,NA,NA,NA,NA
568,11938.865,11939.031,7587.099,7591.832,20232.164,20232.197,11067.331,11067.731,13855.065,13855.665,NA,NA,NA,NA
569,11990.298,11991.598,7601.199,7601.499,20232.664,20232.864,11069.031,11069.098,13908.465,13908.565,NA,NA,NA,NA
570,11991.631,11991.665,7820.432,7820.832,20239.897,20247.264,11147.665,11150.265,13908.765,13908.798,NA,NA,NA,NA
571,11992.931,11992.998,7844.532,7844.599,20247.664,20247.897,11150.431,11157.265,13908.865,13908.931,NA,NA,NA,NA
572,11993.098,11993.331,7844.666,7887.066,20248.631,20248.764,11161.598,11168.298,13908.965,13910.065,NA,NA,NA,NA
573,11993.565,11993.898,7959.466,7961.632,20249.031,20249.731,11168.531,11169.131,13910.331,13910.698,NA,NA,NA,NA
574,12003.198,12003.231,8048.032,8056.232,20253.797,20259.831,11208.365,11212.165,13910.798,13910.831,NA,NA,NA,NA
575,12003.265,12007.265,8056.932,8058.632,20259.964,20262.264,11214.765,11214.831,13911.431,13911.598,NA,NA,NA,NA
576,12007.298,12010.165,8092.399,8096.832,NA,NA,11216.431,11227.831,13911.898,13912.098,NA,NA,NA,NA
577,12010.231,12010.965,8097.799,8097.832,NA,NA,11227.898,11228.231,13912.565,13913.265,NA,NA,NA,NA
578,12012.665,12012.765,8098.432,8113.299,NA,NA,11228.298,11238.031,13913.631,13914.965,NA,NA,NA,NA
579,12012.798,12014.498,8121.399,8126.066,NA,NA,11238.498,11240.231,13916.898,13916.931,NA,NA,NA,NA
580,12022.165,12023.831,8127.466,8127.599,NA,NA,11240.365,11240.498,13916.998,13917.065,NA,NA,NA,NA
581,12025.798,12025.865,8127.666,8127.932,NA,NA,11306.798,11306.865,13917.131,13917.165,NA,NA,NA,NA
582,12039.131,12039.565,8128.266,8154.332,NA,NA,11307.531,11307.598,13917.431,13917.465,NA,NA,NA,NA
583,12056.965,12058.298,8155.332,8155.399,NA,NA,11307.798,11307.998,13917.565,13917.998,NA,NA,NA,NA
584,12059.265,12063.065,8315.766,8315.866,NA,NA,11308.065,11308.398,13918.265,13918.998,NA,NA,NA,NA
585,12063.498,12063.531,8325.166,8327.232,NA,NA,11311.465,11311.798,13919.065,13919.131,NA,NA,NA,NA
586,12065.965,12065.998,8327.299,8327.432,NA,NA,11318.398,11318.498,13919.165,13919.198,NA,NA,NA,NA
587,12066.031,12068.231,8327.499,8327.632,NA,NA,11318.531,11318.698,13919.431,13919.931,NA,NA,NA,NA
588,12071.031,12071.365,8327.699,8328.099,NA,NA,11347.265,11351.165,13920.965,13921.031,NA,NA,NA,NA
589,12074.131,12074.465,8328.166,8360.799,NA,NA,11351.298,11372.198,13964.998,13966.065,NA,NA,NA,NA
590,12076.165,12077.765,8475.532,8476.566,NA,NA,11373.165,11373.665,14002.465,14003.231,NA,NA,NA,NA
591,12079.998,12083.631,8517.799,8523.399,NA,NA,11375.431,11376.665,14017.431,14021.931,NA,NA,NA,NA
592,12084.131,12089.198,8528.866,8530.232,NA,NA,11377.731,11378.365,14027.865,14028.398,NA,NA,NA,NA
593,12089.798,12091.531,8530.899,8548.899,NA,NA,11383.631,11383.731,14029.531,14029.598,NA,NA,NA,NA
594,12094.131,12097.665,8603.366,8604.099,NA,NA,11383.998,11384.565,14029.931,14030.431,NA,NA,NA,NA
595,12100.665,12105.431,8604.166,8604.566,NA,NA,12439.898,12446.398,14072.765,14072.865,NA,NA,NA,NA
596,12106.231,12106.465,8759.366,8761.766,NA,NA,12447.898,12454.331,14074.198,14074.365,NA,NA,NA,NA
597,12132.665,12135.031,8864.732,8864.799,NA,NA,12454.665,12454.731,14074.398,14076.098,NA,NA,NA,NA
598,12160.331,12160.365,8864.866,8864.932,NA,NA,12789.698,12803.165,14081.165,14081.265,NA,NA,NA,NA
599,12162.998,12170.431,8864.999,8865.199,NA,NA,12803.431,12803.498,14081.565,14084.431,NA,NA,NA,NA
600,12171.065,12177.065,8865.666,8865.799,NA,NA,12806.765,12806.831,14087.198,14087.398,NA,NA,NA,NA
601,12180.565,12182.331,8981.332,8981.832,NA,NA,12807.298,12807.431,14087.431,14087.998,NA,NA,NA,NA
602,12185.865,12186.765,8981.999,8982.099,NA,NA,12807.765,12807.831,14088.065,14088.331,NA,NA,NA,NA
603,12343.265,12343.931,8982.166,8982.199,NA,NA,12807.998,12808.298,14098.798,14098.931,NA,NA,NA,NA
604,12345.798,12346.531,9119.899,9120.232,NA,NA,12810.265,12810.298,14099.765,14099.965,NA,NA,NA,NA
605,12346.598,12346.931,9120.832,9131.966,NA,NA,12810.565,12810.631,14100.198,14100.298,NA,NA,NA,NA
606,12380.265,12380.498,9132.066,9132.166,NA,NA,12810.898,12812.531,14100.365,14101.498,NA,NA,NA,NA
607,12386.531,12386.998,9161.899,9163.299,NA,NA,12813.331,12813.398,14102.231,14121.998,NA,NA,NA,NA
608,12435.298,12435.765,9163.832,9167.966,NA,NA,12813.531,12813.631,14122.031,14122.365,NA,NA,NA,NA
609,12436.498,12436.665,9170.232,9170.966,NA,NA,12813.665,12813.865,14125.498,14125.598,NA,NA,NA,NA
610,12460.198,12460.265,9196.032,9227.432,NA,NA,12814.398,12814.531,14125.698,14126.598,NA,NA,NA,NA
611,12460.398,12460.631,9230.999,9233.366,NA,NA,12818.865,12819.531,14722.198,14722.298,NA,NA,NA,NA
612,12460.665,12460.698,9233.999,9236.766,NA,NA,12820.598,12821.531,14722.898,14739.231,NA,NA,NA,NA
613,12460.798,12460.865,9257.299,9259.499,NA,NA,12823.631,12823.865,14739.664,14747.931,NA,NA,NA,NA
614,12460.898,12461.431,9260.099,9260.499,NA,NA,12824.698,12824.965,14748.098,14749.964,NA,NA,NA,NA
615,12461.698,12463.731,9260.699,9262.232,NA,NA,12824.998,12825.298,14753.298,14754.631,NA,NA,NA,NA
616,12464.898,12465.231,9263.899,9275.699,NA,NA,12825.365,12825.531,14758.031,14759.998,NA,NA,NA,NA
617,12465.565,12466.198,9276.166,9276.266,NA,NA,12825.698,12825.965,14762.598,14764.198,NA,NA,NA,NA
618,12466.398,12467.531,9276.332,9278.266,NA,NA,12826.031,12826.098,14775.098,14775.764,NA,NA,NA,NA
619,12493.165,12493.765,9279.066,9282.499,NA,NA,12826.998,12832.098,14776.698,14782.964,NA,NA,NA,NA
620,12494.298,12495.465,9283.732,9288.032,NA,NA,12832.131,12837.765,14815.698,14826.731,NA,NA,NA,NA
621,12502.331,12502.565,9289.232,9289.366,NA,NA,12838.898,12841.331,14826.964,14827.164,NA,NA,NA,NA
622,12512.265,12516.365,9296.166,9296.232,NA,NA,12841.431,12841.498,14830.298,14839.798,NA,NA,NA,NA
623,12516.498,12516.765,9296.266,9296.299,NA,NA,12841.665,12844.698,14840.898,14842.198,NA,NA,NA,NA
624,12516.965,12517.165,9302.599,9302.666,NA,NA,12844.731,12844.798,14849.164,14851.231,NA,NA,NA,NA
625,12706.131,12706.865,9304.399,9305.266,NA,NA,12844.998,12861.431,14852.798,14852.831,NA,NA,NA,NA
626,12707.565,12708.031,9310.466,9310.866,NA,NA,12873.465,12875.598,14852.898,14853.098,NA,NA,NA,NA
627,12708.131,12711.531,9310.999,9311.599,NA,NA,12899.031,12904.131,14853.498,14853.531,NA,NA,NA,NA
628,12711.898,12711.931,9311.999,9314.599,NA,NA,12909.765,12911.431,14854.298,14854.364,NA,NA,NA,NA
629,12711.965,12721.965,9321.666,9324.466,NA,NA,12911.798,12916.931,14854.398,14854.598,NA,NA,NA,NA
630,12723.198,12723.298,10079.899,10081.099,NA,NA,12919.565,12919.631,14855.164,14855.264,NA,NA,NA,NA
631,12725.398,12731.131,10093.532,10093.832,NA,NA,13010.231,13012.398,14855.498,14860.198,NA,NA,NA,NA
632,12734.665,12735.631,10115.899,10115.999,NA,NA,13012.731,13012.831,14921.764,14921.831,NA,NA,NA,NA
633,12736.898,12743.331,10144.732,10147.065,NA,NA,13012.998,13013.498,14952.431,14953.398,NA,NA,NA,NA
634,12745.131,12747.765,10176.199,10177.532,NA,NA,13021.631,13021.765,14953.998,14955.531,NA,NA,NA,NA
635,12748.665,12760.598,10204.132,10204.499,NA,NA,13025.131,13027.065,15465.264,15465.431,NA,NA,NA,NA
636,12760.631,12763.631,10210.099,10211.665,NA,NA,13027.698,13027.865,15465.598,15468.031,NA,NA,NA,NA
637,12765.098,12765.498,10212.599,10213.599,NA,NA,13028.465,13028.565,15468.164,15471.698,NA,NA,NA,NA
638,12779.198,12783.565,10214.432,10215.099,NA,NA,13029.698,13029.765,15471.998,15472.498,NA,NA,NA,NA
639,12783.731,12784.665,10215.199,10219.399,NA,NA,13029.831,13029.998,15472.598,15474.964,NA,NA,NA,NA
640,12784.765,12785.965,10231.665,10231.965,NA,NA,13030.331,13038.165,15475.031,15475.364,NA,NA,NA,NA
641,12786.098,12786.331,10232.032,10233.465,NA,NA,13038.231,13038.331,15475.431,15475.764,NA,NA,NA,NA
642,12786.631,12786.765,10233.565,10244.065,NA,NA,13039.331,13041.331,15478.631,15494.264,NA,NA,NA,NA
643,12786.965,12787.231,10265.199,10266.065,NA,NA,13059.865,13060.065,15506.964,15507.131,NA,NA,NA,NA
644,12923.131,12930.965,10267.132,10268.832,NA,NA,13060.198,13060.731,15507.164,15507.231,NA,NA,NA,NA
645,12989.731,12992.365,10269.165,10272.332,NA,NA,13060.798,13061.531,15509.098,15513.464,NA,NA,NA,NA
646,13227.998,13228.698,10281.132,10288.499,NA,NA,13065.865,13066.131,15524.531,15524.831,NA,NA,NA,NA
647,13228.765,13229.465,10312.365,10317.265,NA,NA,13070.098,13073.531,15527.031,15534.431,NA,NA,NA,NA
648,13230.631,13230.898,10338.899,10339.132,NA,NA,13077.665,13077.865,15540.098,15541.864,NA,NA,NA,NA
649,13430.498,13430.665,10341.399,10541.465,NA,NA,13078.198,13078.298,15550.798,15550.831,NA,NA,NA,NA
650,13431.198,13432.665,10566.999,10567.765,NA,NA,13078.598,13083.398,15553.264,15561.431,NA,NA,NA,NA
651,13432.731,13433.465,10643.865,10651.999,NA,NA,13083.498,13095.831,15600.498,15601.331,NA,NA,NA,NA
652,13434.798,13434.998,10660.499,10661.165,NA,NA,13100.365,13109.765,15604.498,15604.564,NA,NA,NA,NA
653,13441.998,13445.765,10669.532,10674.865,NA,NA,13171.198,13171.365,15604.798,15605.098,NA,NA,NA,NA
654,13446.431,13446.665,10674.865,10685.965,NA,NA,13183.898,13186.465,15605.564,15607.164,NA,NA,NA,NA
655,13666.998,13667.898,10711.598,10712.031,NA,NA,13187.265,13187.598,15609.764,15611.131,NA,NA,NA,NA
656,13727.765,13730.065,10713.098,10713.498,NA,NA,13187.965,13192.098,15611.264,15611.364,NA,NA,NA,NA
657,14128.631,14131.098,10716.865,10716.931,NA,NA,13199.698,13199.898,15611.398,15614.064,NA,NA,NA,NA
658,14131.131,14131.431,10716.998,10724.098,NA,NA,13205.965,13209.131,15614.098,15615.131,NA,NA,NA,NA
659,14133.631,14133.865,10743.131,10748.031,NA,NA,13213.165,13215.898,15646.031,15646.931,NA,NA,NA,NA
660,14133.931,14156.165,10748.265,10749.431,NA,NA,13220.465,13221.898,15710.198,15710.231,NA,NA,NA,NA
661,14259.765,14261.598,10752.431,10759.165,NA,NA,13484.431,13484.965,15734.364,15734.398,NA,NA,NA,NA
662,14267.031,14267.365,10771.131,10775.598,NA,NA,13502.765,13507.131,15743.998,15745.964,NA,NA,NA,NA
663,14268.531,14268.698,11069.598,11069.931,NA,NA,13857.598,13857.765,15878.564,15878.664,NA,NA,NA,NA
664,14269.331,14269.365,11088.198,11088.965,NA,NA,13912.498,13912.565,15880.431,15880.798,NA,NA,NA,NA
665,14269.465,14274.931,11093.898,11094.331,NA,NA,13913.265,13913.631,15880.964,15882.298,NA,NA,NA,NA
666,14275.131,14275.165,11094.731,11094.831,NA,NA,13917.998,13918.265,15882.431,15883.098,NA,NA,NA,NA
667,14276.898,14277.231,11094.898,11098.531,NA,NA,13918.998,13919.065,15883.664,15887.564,NA,NA,NA,NA
668,14277.431,14277.464,11128.431,11128.498,NA,NA,13919.131,13919.165,15887.631,15887.731,NA,NA,NA,NA
669,14289.798,14292.931,11133.398,11143.731,NA,NA,13919.198,13919.431,15887.931,15888.198,NA,NA,NA,NA
670,14306.198,14311.398,11421.498,11436.665,NA,NA,13919.931,13920.965,15889.198,15889.698,NA,NA,NA,NA
671,14312.031,14322.798,11436.965,11437.031,NA,NA,13921.031,13921.065,15889.764,15890.898,NA,NA,NA,NA
672,14500.931,14505.798,11470.598,11472.065,NA,NA,13928.531,13928.765,15891.098,15896.864,NA,NA,NA,NA
673,14513.031,14521.931,11484.365,11523.765,NA,NA,13964.265,13964.998,15896.898,15908.531,NA,NA,NA,NA
674,14527.931,14528.064,11657.798,11658.165,NA,NA,13966.065,13973.265,15934.098,15934.531,NA,NA,NA,NA
675,14528.098,14528.131,11658.298,11658.565,NA,NA,13981.298,14002.465,15949.031,15949.098,NA,NA,NA,NA
676,14528.164,14529.131,11658.631,11658.665,NA,NA,14003.231,14007.031,15950.431,15951.198,NA,NA,NA,NA
677,14532.298,14533.998,11662.031,11672.231,NA,NA,14011.831,14012.698,16010.931,16011.198,NA,NA,NA,NA
678,14540.664,14540.831,11676.231,11676.465,NA,NA,14021.931,14027.865,16011.698,16012.064,NA,NA,NA,NA
679,14541.031,14541.198,11678.165,11837.565,NA,NA,14028.398,14029.531,16012.231,16015.964,NA,NA,NA,NA
680,14541.698,14541.898,11852.498,11853.931,NA,NA,14029.598,14029.931,16026.498,16026.531,NA,NA,NA,NA
681,14542.098,14547.498,11859.398,11859.498,NA,NA,14030.431,14072.765,16038.598,16041.264,NA,NA,NA,NA
682,14547.598,14548.431,11870.831,11870.898,NA,NA,14072.865,14074.198,16042.331,16044.998,NA,NA,NA,NA
683,14596.864,14599.131,11875.198,11889.998,NA,NA,14074.365,14074.398,16047.498,16047.731,NA,NA,NA,NA
684,14606.164,14606.731,11915.598,11938.765,NA,NA,14076.098,14081.165,16070.064,16070.864,NA,NA,NA,NA
685,14645.598,14651.164,11938.831,11938.865,NA,NA,14081.265,14081.565,16071.231,16071.798,NA,NA,NA,NA
686,14654.464,14654.664,11939.031,11986.598,NA,NA,14084.431,14087.198,16071.864,16071.998,NA,NA,NA,NA
687,14655.964,14658.164,11989.631,11990.298,NA,NA,14087.398,14087.431,16072.131,16072.398,NA,NA,NA,NA
688,14658.331,14662.964,11991.598,11991.631,NA,NA,14087.998,14088.065,16072.864,16078.164,NA,NA,NA,NA
689,14663.231,14663.364,11991.665,11992.931,NA,NA,14088.331,14098.798,16127.264,16127.398,NA,NA,NA,NA
690,14699.964,14700.264,11992.998,11993.098,NA,NA,14098.931,14099.765,16127.431,16127.464,NA,NA,NA,NA
691,14702.331,14703.164,11993.331,11993.565,NA,NA,14099.965,14100.198,16132.364,16135.464,NA,NA,NA,NA
692,14718.864,14719.031,11993.898,12003.198,NA,NA,14100.298,14100.365,16135.598,16135.698,NA,NA,NA,NA
693,14719.931,14720.198,12003.231,12003.265,NA,NA,14101.498,14102.231,16135.998,16136.198,NA,NA,NA,NA
694,14720.331,14720.564,12007.265,12007.298,NA,NA,14121.998,14122.031,16136.898,16144.831,NA,NA,NA,NA
695,14720.664,14720.698,12010.165,12010.231,NA,NA,14122.365,14125.498,16146.664,16146.698,NA,NA,NA,NA
696,15099.831,15099.864,12010.965,12012.665,NA,NA,14125.598,14125.698,16146.764,16147.198,NA,NA,NA,NA
697,15100.098,15100.264,12012.765,12012.798,NA,NA,14722.631,14722.898,16147.298,16149.964,NA,NA,NA,NA
698,15100.764,15101.031,12018.865,12022.165,NA,NA,14739.231,14739.664,16150.064,16152.964,NA,NA,NA,NA
699,15101.164,15101.264,12023.831,12025.798,NA,NA,14747.931,14748.098,16196.831,16197.031,NA,NA,NA,NA
700,15101.531,15104.231,12025.865,12037.465,NA,NA,14749.964,14753.298,16197.064,16197.098,NA,NA,NA,NA
701,15124.198,15127.064,12038.031,12039.131,NA,NA,14754.631,14758.031,16201.764,16213.364,NA,NA,NA,NA
702,15430.598,15430.731,12039.565,12040.598,NA,NA,14759.998,14762.598,16239.031,16239.531,NA,NA,NA,NA
703,15430.764,15433.331,12053.198,12056.965,NA,NA,14764.198,14775.098,16239.764,16239.831,NA,NA,NA,NA
704,15436.964,15437.898,12058.298,12059.265,NA,NA,14775.764,14776.698,16240.664,16241.898,NA,NA,NA,NA
705,15458.898,15461.298,12063.065,12063.498,NA,NA,14782.964,14785.998,16264.898,16266.098,NA,NA,NA,NA
706,15461.431,15463.898,12063.531,12065.965,NA,NA,14826.731,14826.964,16440.631,16441.431,NA,NA,NA,NA
707,15586.598,15587.464,12065.998,12066.031,NA,NA,14827.164,14830.298,16441.598,16452.698,NA,NA,NA,NA
708,15706.764,15708.398,12068.231,12071.031,NA,NA,14839.798,14840.898,16608.698,16609.464,NA,NA,NA,NA
709,16089.431,16091.431,12071.365,12074.131,NA,NA,14844.998,14849.164,16609.731,16610.798,NA,NA,NA,NA
710,16091.598,16094.131,12074.465,12076.165,NA,NA,14855.064,14855.164,16612.164,16617.364,NA,NA,NA,NA
711,16094.398,16094.998,12077.765,12079.998,NA,NA,14855.264,14855.498,16618.031,16618.098,NA,NA,NA,NA
712,16101.864,16108.998,12083.631,12084.131,NA,NA,14860.198,14860.331,16618.631,16618.998,NA,NA,NA,NA
713,16124.531,16125.198,12089.198,12089.798,NA,NA,14896.498,14897.998,16619.098,16619.298,NA,NA,NA,NA
714,16558.798,16560.664,12091.531,12094.131,NA,NA,14943.064,14952.431,16619.764,16620.231,NA,NA,NA,NA
715,16561.131,16561.998,12097.665,12100.665,NA,NA,14953.398,14953.998,16620.264,16623.764,NA,NA,NA,NA
716,16587.898,16589.098,12105.431,12106.231,NA,NA,14955.531,14959.664,16623.898,16624.031,NA,NA,NA,NA
717,16589.998,16590.564,12108.665,12110.231,NA,NA,15468.031,15468.164,16624.131,16627.198,NA,NA,NA,NA
718,16601.364,16604.431,12111.131,12132.665,NA,NA,15471.698,15471.998,16627.331,16629.531,NA,NA,NA,NA
719,16849.998,16851.364,12135.031,12135.331,NA,NA,15472.498,15472.598,16629.598,16630.198,NA,NA,NA,NA
720,16852.098,16853.298,12139.898,12150.831,NA,NA,15474.964,15475.031,16630.331,16631.398,NA,NA,NA,NA
721,16903.631,16907.564,12154.131,12155.831,NA,NA,15475.364,15475.431,16632.198,16632.398,NA,NA,NA,NA
722,16935.531,16936.131,12160.365,12162.998,NA,NA,15524.831,15525.498,16634.398,16634.531,NA,NA,NA,NA
723,16936.198,16936.398,12170.431,12171.065,NA,NA,15552.531,15552.764,16634.664,16634.731,NA,NA,NA,NA
724,16946.398,16947.298,12177.065,12180.565,NA,NA,15567.898,15567.998,16636.464,16641.964,NA,NA,NA,NA
725,17182.964,17183.731,12182.331,12185.865,NA,NA,15590.464,15595.798,16642.331,16671.931,NA,NA,NA,NA
726,17192.431,17361.164,12186.765,12343.265,NA,NA,15605.364,15605.564,16672.131,16674.164,NA,NA,NA,NA
727,17745.164,17752.631,12343.931,12345.798,NA,NA,15611.131,15611.264,16674.198,16674.231,NA,NA,NA,NA
728,17757.131,17779.231,12346.531,12346.598,NA,NA,15611.364,15611.398,16674.331,16675.564,NA,NA,NA,NA
729,17779.698,17785.231,12346.931,12349.898,NA,NA,15614.064,15614.098,16675.598,16675.664,NA,NA,NA,NA
730,17785.498,17785.631,12349.965,12350.165,NA,NA,15618.364,15618.664,16675.731,16675.931,NA,NA,NA,NA
731,17795.631,17797.498,12354.531,12354.665,NA,NA,15619.498,15619.664,16967.131,16967.198,NA,NA,NA,NA
732,17806.898,17807.898,12380.031,12380.265,NA,NA,15644.831,15646.031,16967.398,16967.631,NA,NA,NA,NA
733,17908.297,17909.697,12380.498,12380.665,NA,NA,15709.798,15709.864,16969.564,16975.664,NA,NA,NA,NA
734,17952.097,17953.164,12386.365,12386.531,NA,NA,15713.764,15713.964,16975.698,16976.331,NA,NA,NA,NA
735,18039.364,18071.231,12386.998,12395.031,NA,NA,15735.631,15736.631,16977.598,16977.664,NA,NA,NA,NA
736,18075.097,18080.364,12395.165,12395.565,NA,NA,15738.398,15738.464,16977.764,16977.798,NA,NA,NA,NA
737,18080.897,18081.497,12397.798,12397.831,NA,NA,15745.964,15747.364,16978.464,16983.598,NA,NA,NA,NA
738,18081.564,18081.764,12397.865,12397.898,NA,NA,15878.998,15880.431,16983.998,16991.531,NA,NA,NA,NA
739,18145.031,18146.797,12397.965,12401.998,NA,NA,15880.798,15880.964,16991.598,16991.731,NA,NA,NA,NA
740,18147.264,18178.931,12413.931,12414.398,NA,NA,15882.298,15882.431,16991.798,16996.398,NA,NA,NA,NA
741,18355.197,18355.964,12415.365,12415.465,NA,NA,15883.098,15883.664,16996.498,16996.598,NA,NA,NA,NA
742,18358.297,18358.831,12415.798,12417.898,NA,NA,15887.564,15887.631,16996.864,16996.998,NA,NA,NA,NA
743,18359.164,18395.331,12418.365,12418.798,NA,NA,15887.731,15887.931,16997.031,17011.564,NA,NA,NA,NA
744,18397.397,19845.297,12423.265,12423.531,NA,NA,15888.198,15889.198,17011.831,17012.098,NA,NA,NA,NA
745,20335.731,21480.897,12426.098,12426.231,NA,NA,15889.698,15889.764,17012.164,17048.464,NA,NA,NA,NA
746,NA,NA,12431.165,12432.965,NA,NA,15890.898,15891.098,17048.998,17097.931,NA,NA,NA,NA
747,NA,NA,12434.498,12435.298,NA,NA,15896.864,15896.898,17097.964,17097.998,NA,NA,NA,NA
748,NA,NA,12436.665,12436.731,NA,NA,15908.531,15908.964,17098.498,17112.264,NA,NA,NA,NA
749,NA,NA,12455.665,12460.198,NA,NA,15933.931,15934.098,17129.298,17129.431,NA,NA,NA,NA
750,NA,NA,12460.265,12460.398,NA,NA,15934.531,15949.031,17129.464,17129.598,NA,NA,NA,NA
751,NA,NA,12460.631,12460.665,NA,NA,15949.098,15950.431,17129.764,17130.031,NA,NA,NA,NA
752,NA,NA,12460.698,12460.798,NA,NA,15951.198,16010.931,17157.331,17159.564,NA,NA,NA,NA
753,NA,NA,12460.865,12460.898,NA,NA,16011.198,16011.698,17159.698,17161.398,NA,NA,NA,NA
754,NA,NA,12461.431,12461.698,NA,NA,16012.064,16012.231,17161.431,17162.131,NA,NA,NA,NA
755,NA,NA,12463.731,12464.898,NA,NA,16015.964,16026.498,17162.464,17171.131,NA,NA,NA,NA
756,NA,NA,12465.231,12465.565,NA,NA,16026.531,16038.598,17640.731,17640.764,NA,NA,NA,NA
757,NA,NA,12466.198,12466.398,NA,NA,16041.264,16042.331,17640.798,17640.831,NA,NA,NA,NA
758,NA,NA,12467.531,12468.565,NA,NA,16044.998,16047.498,17640.964,17641.031,NA,NA,NA,NA
759,NA,NA,12471.765,12493.165,NA,NA,16047.731,16065.298,17641.331,17641.831,NA,NA,NA,NA
760,NA,NA,12493.765,12494.298,NA,NA,16070.864,16071.231,17641.998,17642.298,NA,NA,NA,NA
761,NA,NA,12495.465,12502.331,NA,NA,16071.798,16071.864,17642.464,17642.498,NA,NA,NA,NA
762,NA,NA,12502.565,12512.265,NA,NA,16071.998,16072.131,17642.931,17643.298,NA,NA,NA,NA
763,NA,NA,12516.365,12516.498,NA,NA,16072.398,16072.864,17643.364,17644.064,NA,NA,NA,NA
764,NA,NA,12516.765,12516.965,NA,NA,16078.164,16078.298,17644.264,17644.964,NA,NA,NA,NA
765,NA,NA,12517.165,12517.298,NA,NA,16132.098,16132.364,17660.864,17661.098,NA,NA,NA,NA
766,NA,NA,12520.698,12706.131,NA,NA,16135.531,16135.598,17692.631,17699.031,NA,NA,NA,NA
767,NA,NA,12706.865,12707.565,NA,NA,16135.698,16135.998,17699.098,17699.298,NA,NA,NA,NA
768,NA,NA,12708.031,12708.131,NA,NA,16136.198,16136.898,17726.164,17726.964,NA,NA,NA,NA
769,NA,NA,12711.531,12711.898,NA,NA,16144.831,16146.664,17731.698,17743.831,NA,NA,NA,NA
770,NA,NA,12711.931,12711.965,NA,NA,16146.698,16146.764,19848.564,19848.597,NA,NA,NA,NA
771,NA,NA,12721.965,12723.198,NA,NA,16147.198,16147.298,19849.464,19849.797,NA,NA,NA,NA
772,NA,NA,12723.298,12725.398,NA,NA,16149.964,16150.064,19849.897,19850.264,NA,NA,NA,NA
773,NA,NA,12731.131,12734.665,NA,NA,16197.431,16197.764,19854.997,19855.464,NA,NA,NA,NA
774,NA,NA,12735.631,12736.898,NA,NA,16242.564,16242.598,19861.064,19861.864,NA,NA,NA,NA
775,NA,NA,12743.331,12745.131,NA,NA,16263.698,16264.898,19861.997,19862.364,NA,NA,NA,NA
776,NA,NA,12747.765,12748.665,NA,NA,16285.331,16440.631,19867.397,19867.897,NA,NA,NA,NA
777,NA,NA,12760.598,12760.631,NA,NA,16441.431,16441.598,19868.231,19868.464,NA,NA,NA,NA
778,NA,NA,12763.631,12765.098,NA,NA,16452.698,16494.898,19868.564,19870.364,NA,NA,NA,NA
779,NA,NA,12765.498,12766.331,NA,NA,16501.764,16506.698,19870.397,19870.731,NA,NA,NA,NA
780,NA,NA,12768.231,12779.198,NA,NA,16515.698,16517.631,19905.864,19905.931,NA,NA,NA,NA
781,NA,NA,12783.565,12783.731,NA,NA,16521.698,16521.731,19912.997,19913.031,NA,NA,NA,NA
782,NA,NA,12784.665,12784.765,NA,NA,16521.798,16522.098,19927.664,19928.864,NA,NA,NA,NA
783,NA,NA,12785.965,12786.098,NA,NA,16608.664,16608.698,19950.197,19957.697,NA,NA,NA,NA
784,NA,NA,12786.331,12786.398,NA,NA,16609.464,16609.731,19971.564,19971.631,NA,NA,NA,NA
785,NA,NA,12920.665,12923.131,NA,NA,16610.798,16612.164,19974.931,19975.131,NA,NA,NA,NA
786,NA,NA,12930.965,12935.398,NA,NA,16617.364,16618.031,19978.764,19978.964,NA,NA,NA,NA
787,NA,NA,12942.731,12951.431,NA,NA,16618.098,16618.631,19979.064,19979.197,NA,NA,NA,NA
788,NA,NA,12951.465,12979.798,NA,NA,16618.998,16619.098,19979.231,19979.631,NA,NA,NA,NA
789,NA,NA,12992.365,13001.431,NA,NA,16619.298,16619.764,19980.397,19980.664,NA,NA,NA,NA
790,NA,NA,13223.698,13227.998,NA,NA,16620.231,16620.264,19980.731,19980.931,NA,NA,NA,NA
791,NA,NA,13228.698,13228.765,NA,NA,16623.764,16623.898,19980.997,19981.197,NA,NA,NA,NA
792,NA,NA,13229.465,13230.631,NA,NA,16624.031,16624.131,19981.264,19983.097,NA,NA,NA,NA
793,NA,NA,13230.898,13232.098,NA,NA,16627.198,16627.331,20001.031,20001.864,NA,NA,NA,NA
794,NA,NA,13244.765,13244.798,NA,NA,16629.531,16629.598,20003.064,20003.797,NA,NA,NA,NA
795,NA,NA,13244.831,13245.031,NA,NA,16630.198,16630.331,20003.831,20003.897,NA,NA,NA,NA
796,NA,NA,13253.331,13326.398,NA,NA,16631.398,16632.198,20004.297,20004.364,NA,NA,NA,NA
797,NA,NA,13338.898,13356.998,NA,NA,16632.398,16634.398,20005.197,20005.531,NA,NA,NA,NA
798,NA,NA,13361.198,13414.765,NA,NA,16634.531,16634.664,20006.797,20007.597,NA,NA,NA,NA
799,NA,NA,13419.231,13430.498,NA,NA,16634.731,16636.464,20012.031,20012.097,NA,NA,NA,NA
800,NA,NA,13430.665,13431.198,NA,NA,16641.964,16642.331,20012.164,20013.831,NA,NA,NA,NA
801,NA,NA,13432.665,13432.731,NA,NA,16671.931,16672.131,20030.397,20030.464,NA,NA,NA,NA
802,NA,NA,13433.465,13434.798,NA,NA,16674.164,16674.198,20034.464,20034.531,NA,NA,NA,NA
803,NA,NA,13434.998,13441.998,NA,NA,16674.231,16674.331,20036.964,20037.231,NA,NA,NA,NA
804,NA,NA,13445.765,13446.431,NA,NA,16675.564,16675.598,20037.364,20037.797,NA,NA,NA,NA
805,NA,NA,13446.665,13476.565,NA,NA,16675.664,16675.731,20037.831,20037.964,NA,NA,NA,NA
806,NA,NA,13617.831,13664.398,NA,NA,16675.931,16836.364,20038.931,20039.031,NA,NA,NA,NA
807,NA,NA,13666.931,13666.998,NA,NA,16838.998,16839.198,20041.497,20041.731,NA,NA,NA,NA
808,NA,NA,13690.998,13712.398,NA,NA,16967.364,16967.398,20042.131,20042.997,NA,NA,NA,NA
809,NA,NA,13716.265,13727.765,NA,NA,16967.631,16967.698,20043.797,20044.531,NA,NA,NA,NA
810,NA,NA,13734.731,13768.731,NA,NA,16975.664,16975.698,20044.597,20044.731,NA,NA,NA,NA
811,NA,NA,13783.698,13800.231,NA,NA,16976.331,16977.598,20046.131,20046.664,NA,NA,NA,NA
812,NA,NA,13812.465,13812.565,NA,NA,16977.664,16977.764,20186.897,20210.597,NA,NA,NA,NA
813,NA,NA,13812.765,13818.265,NA,NA,16977.798,16978.464,20232.497,20232.597,NA,NA,NA,NA
814,NA,NA,13819.898,13820.565,NA,NA,16983.598,16983.998,20233.331,20233.597,NA,NA,NA,NA
815,NA,NA,13820.831,13820.931,NA,NA,16991.531,16991.598,20233.697,20239.831,NA,NA,NA,NA
816,NA,NA,13821.031,13822.231,NA,NA,16991.731,16991.798,20247.264,20247.664,NA,NA,NA,NA
817,NA,NA,13822.298,13822.898,NA,NA,16996.398,16996.498,20247.897,20248.631,NA,NA,NA,NA
818,NA,NA,13823.065,13823.298,NA,NA,16996.598,16996.864,20248.764,20249.031,NA,NA,NA,NA
819,NA,NA,13824.398,13824.498,NA,NA,16996.998,16997.031,20250.064,20253.797,NA,NA,NA,NA
820,NA,NA,13836.165,13836.231,NA,NA,17011.564,17011.831,20259.831,20259.964,NA,NA,NA,NA
821,NA,NA,13859.098,13903.765,NA,NA,17012.098,17012.164,NA,NA,NA,NA,NA,NA
822,NA,NA,14127.165,14128.631,NA,NA,17048.464,17048.998,NA,NA,NA,NA,NA,NA
823,NA,NA,14131.098,14131.131,NA,NA,17097.931,17097.964,NA,NA,NA,NA,NA,NA
824,NA,NA,14131.431,14133.631,NA,NA,17097.998,17098.498,NA,NA,NA,NA,NA,NA
825,NA,NA,14133.865,14133.931,NA,NA,17112.264,17112.764,NA,NA,NA,NA,NA,NA
826,NA,NA,14156.165,14259.765,NA,NA,17129.664,17129.764,NA,NA,NA,NA,NA,NA
827,NA,NA,14261.598,14267.031,NA,NA,17132.398,17151.531,NA,NA,NA,NA,NA,NA
828,NA,NA,14267.365,14268.531,NA,NA,17156.331,17157.331,NA,NA,NA,NA,NA,NA
829,NA,NA,14268.698,14269.331,NA,NA,17159.564,17159.698,NA,NA,NA,NA,NA,NA
830,NA,NA,14269.365,14269.465,NA,NA,17161.398,17161.431,NA,NA,NA,NA,NA,NA
831,NA,NA,14274.931,14275.131,NA,NA,17162.131,17162.464,NA,NA,NA,NA,NA,NA
832,NA,NA,14275.165,14276.898,NA,NA,17171.131,17171.531,NA,NA,NA,NA,NA,NA
833,NA,NA,14277.231,14277.431,NA,NA,17640.931,17640.964,NA,NA,NA,NA,NA,NA
834,NA,NA,14277.464,14289.798,NA,NA,17641.031,17641.331,NA,NA,NA,NA,NA,NA
835,NA,NA,14292.931,14306.198,NA,NA,17641.831,17641.998,NA,NA,NA,NA,NA,NA
836,NA,NA,14311.398,14312.031,NA,NA,17642.298,17642.464,NA,NA,NA,NA,NA,NA
837,NA,NA,14322.798,14335.098,NA,NA,17642.498,17642.931,NA,NA,NA,NA,NA,NA
838,NA,NA,14335.464,14335.631,NA,NA,17643.298,17643.364,NA,NA,NA,NA,NA,NA
839,NA,NA,14387.931,14486.931,NA,NA,17644.064,17644.264,NA,NA,NA,NA,NA,NA
840,NA,NA,14490.431,14490.598,NA,NA,17644.964,17658.964,NA,NA,NA,NA,NA,NA
841,NA,NA,14505.798,14513.031,NA,NA,17660.798,17660.864,NA,NA,NA,NA,NA,NA
842,NA,NA,14521.931,14527.931,NA,NA,17661.098,17692.631,NA,NA,NA,NA,NA,NA
843,NA,NA,14528.064,14528.098,NA,NA,17699.031,17699.098,NA,NA,NA,NA,NA,NA
844,NA,NA,14528.131,14528.164,NA,NA,17699.298,17712.864,NA,NA,NA,NA,NA,NA
845,NA,NA,14529.131,14532.298,NA,NA,17722.198,17726.164,NA,NA,NA,NA,NA,NA
846,NA,NA,14533.998,14534.398,NA,NA,17726.964,17731.698,NA,NA,NA,NA,NA,NA
847,NA,NA,14536.731,14540.664,NA,NA,17743.831,17744.031,NA,NA,NA,NA,NA,NA
848,NA,NA,14540.831,14541.031,NA,NA,18116.331,18121.464,NA,NA,NA,NA,NA,NA
849,NA,NA,14541.198,14541.698,NA,NA,19848.997,19849.464,NA,NA,NA,NA,NA,NA
850,NA,NA,14541.898,14542.098,NA,NA,19849.797,19849.897,NA,NA,NA,NA,NA,NA
851,NA,NA,14547.498,14547.598,NA,NA,19850.264,19850.364,NA,NA,NA,NA,NA,NA
852,NA,NA,14548.431,14558.831,NA,NA,19854.931,19854.997,NA,NA,NA,NA,NA,NA
853,NA,NA,14568.664,14596.864,NA,NA,19855.464,19861.064,NA,NA,NA,NA,NA,NA
854,NA,NA,14599.131,14606.164,NA,NA,19861.864,19861.997,NA,NA,NA,NA,NA,NA
855,NA,NA,14606.731,14645.598,NA,NA,19866.164,19867.397,NA,NA,NA,NA,NA,NA
856,NA,NA,14651.164,14654.464,NA,NA,19867.897,19868.231,NA,NA,NA,NA,NA,NA
857,NA,NA,14654.664,14655.964,NA,NA,19868.464,19868.564,NA,NA,NA,NA,NA,NA
858,NA,NA,14658.164,14658.331,NA,NA,19870.364,19870.397,NA,NA,NA,NA,NA,NA
859,NA,NA,14662.964,14663.231,NA,NA,19870.731,19871.131,NA,NA,NA,NA,NA,NA
860,NA,NA,14663.364,14675.831,NA,NA,19912.731,19912.964,NA,NA,NA,NA,NA,NA
861,NA,NA,14699.531,14699.964,NA,NA,19913.264,19913.297,NA,NA,NA,NA,NA,NA
862,NA,NA,14700.264,14702.331,NA,NA,19916.664,19916.697,NA,NA,NA,NA,NA,NA
863,NA,NA,14703.164,14718.864,NA,NA,19927.364,19927.664,NA,NA,NA,NA,NA,NA
864,NA,NA,14719.031,14719.931,NA,NA,19946.064,19946.297,NA,NA,NA,NA,NA,NA
865,NA,NA,14720.198,14720.331,NA,NA,19947.631,19949.531,NA,NA,NA,NA,NA,NA
866,NA,NA,14720.564,14720.664,NA,NA,19957.697,19958.331,NA,NA,NA,NA,NA,NA
867,NA,NA,14720.698,14721.698,NA,NA,19978.497,19978.764,NA,NA,NA,NA,NA,NA
868,NA,NA,15099.531,15099.831,NA,NA,19978.964,19979.064,NA,NA,NA,NA,NA,NA
869,NA,NA,15099.864,15100.098,NA,NA,19979.197,19979.231,NA,NA,NA,NA,NA,NA
870,NA,NA,15100.264,15100.764,NA,NA,19979.631,19980.397,NA,NA,NA,NA,NA,NA
871,NA,NA,15101.031,15101.164,NA,NA,19980.664,19980.731,NA,NA,NA,NA,NA,NA
872,NA,NA,15101.264,15101.531,NA,NA,19980.931,19980.997,NA,NA,NA,NA,NA,NA
873,NA,NA,15104.231,15104.664,NA,NA,19981.197,19981.264,NA,NA,NA,NA,NA,NA
874,NA,NA,15107.564,15122.031,NA,NA,19983.097,19983.131,NA,NA,NA,NA,NA,NA
875,NA,NA,15127.064,15430.598,NA,NA,19996.497,19996.731,NA,NA,NA,NA,NA,NA
876,NA,NA,15430.731,15430.764,NA,NA,19998.164,19998.231,NA,NA,NA,NA,NA,NA
877,NA,NA,15433.331,15436.964,NA,NA,20000.697,20001.031,NA,NA,NA,NA,NA,NA
878,NA,NA,15437.898,15458.898,NA,NA,20001.864,20003.064,NA,NA,NA,NA,NA,NA
879,NA,NA,15461.298,15461.431,NA,NA,20003.797,20003.831,NA,NA,NA,NA,NA,NA
880,NA,NA,15463.898,15464.631,NA,NA,20003.897,20004.297,NA,NA,NA,NA,NA,NA
881,NA,NA,15576.231,15576.364,NA,NA,20004.364,20005.197,NA,NA,NA,NA,NA,NA
882,NA,NA,15578.298,15586.598,NA,NA,20005.531,20006.797,NA,NA,NA,NA,NA,NA
883,NA,NA,15587.464,15589.431,NA,NA,20007.597,20007.997,NA,NA,NA,NA,NA,NA
884,NA,NA,15704.664,15706.764,NA,NA,20008.131,20012.031,NA,NA,NA,NA,NA,NA
885,NA,NA,15708.398,15709.264,NA,NA,20012.097,20012.164,NA,NA,NA,NA,NA,NA
886,NA,NA,15757.231,15878.164,NA,NA,20013.831,20014.031,NA,NA,NA,NA,NA,NA
887,NA,NA,15909.664,15932.331,NA,NA,20030.764,20034.464,NA,NA,NA,NA,NA,NA
888,NA,NA,16086.798,16089.431,NA,NA,20034.531,20036.964,NA,NA,NA,NA,NA,NA
889,NA,NA,16091.431,16091.598,NA,NA,20037.231,20037.364,NA,NA,NA,NA,NA,NA
890,NA,NA,16094.131,16094.398,NA,NA,20037.797,20037.831,NA,NA,NA,NA,NA,NA
891,NA,NA,16094.998,16101.864,NA,NA,20037.964,20038.931,NA,NA,NA,NA,NA,NA
892,NA,NA,16108.998,16124.531,NA,NA,20039.031,20041.497,NA,NA,NA,NA,NA,NA
893,NA,NA,16125.198,16126.898,NA,NA,20041.731,20042.131,NA,NA,NA,NA,NA,NA
894,NA,NA,16528.864,16558.798,NA,NA,20042.997,20043.797,NA,NA,NA,NA,NA,NA
895,NA,NA,16560.664,16561.131,NA,NA,20044.531,20044.597,NA,NA,NA,NA,NA,NA
896,NA,NA,16561.998,16576.998,NA,NA,20044.731,20046.131,NA,NA,NA,NA,NA,NA
897,NA,NA,16587.131,16587.898,NA,NA,20046.664,20059.997,NA,NA,NA,NA,NA,NA
898,NA,NA,16589.098,16589.998,NA,NA,20061.164,20186.897,NA,NA,NA,NA,NA,NA
899,NA,NA,16590.564,16601.364,NA,NA,20231.931,20232.164,NA,NA,NA,NA,NA,NA
900,NA,NA,16604.431,16608.131,NA,NA,20232.197,20232.497,NA,NA,NA,NA,NA,NA
901,NA,NA,16846.764,16849.998,NA,NA,20232.597,20232.664,NA,NA,NA,NA,NA,NA
902,NA,NA,16851.364,16852.098,NA,NA,20232.931,20233.331,NA,NA,NA,NA,NA,NA
903,NA,NA,16853.298,16903.631,NA,NA,20233.597,20233.697,NA,NA,NA,NA,NA,NA
904,NA,NA,16907.564,16935.531,NA,NA,20239.831,20239.897,NA,NA,NA,NA,NA,NA
905,NA,NA,16936.131,16936.198,NA,NA,20249.831,20250.064,NA,NA,NA,NA,NA,NA
906,NA,NA,16936.398,16938.131,NA,NA,NA,NA,NA,NA,NA,NA,NA,NA
907,NA,NA,16942.031,16946.398,NA,NA,NA,NA,NA,NA,NA,NA,NA,NA
908,NA,NA,16947.298,16948.464,NA,NA,NA,NA,NA,NA,NA,NA,NA,NA
909,NA,NA,17125.398,17127.164,NA,NA,NA,NA,NA,NA,NA,NA,NA,NA
910,NA,NA,17181.798,17182.964,NA,NA,NA,NA,NA,NA,NA,NA,NA,NA
911,NA,NA,17183.731,17192.431,NA,NA,NA,NA,NA,NA,NA,NA,NA,NA
912,NA,NA,17361.164,17423.431,NA,NA,NA,NA,NA,NA,NA,NA,NA,NA
913,NA,NA,17428.398,17456.298,NA,NA,NA,NA,NA,NA,NA,NA,NA,NA
914,NA,NA,17475.364,17479.564,NA,NA,NA,NA,NA,NA,NA,NA,NA,NA
915,NA,NA,17539.231,17540.398,NA,NA,NA,NA,NA,NA,NA,NA,NA,NA
916,NA,NA,17542.898,17600.898,NA,NA,NA,NA,NA,NA,NA,NA,NA,NA
917,NA,NA,17611.898,17630.364,NA,NA,NA,NA,NA,NA,NA,NA,NA,NA
918,NA,NA,17636.898,17639.431,NA,NA,NA,NA,NA,NA,NA,NA,NA,NA
919,NA,NA,17744.631,17745.164,NA,NA,NA,NA,NA,NA,NA,NA,NA,NA
920,NA,NA,17752.631,17754.498,NA,NA,NA,NA,NA,NA,NA,NA,NA,NA
921,NA,NA,17779.231,17779.698,NA,NA,NA,NA,NA,NA,NA,NA,NA,NA
922,NA,NA,17785.231,17785.498,NA,NA,NA,NA,NA,NA,NA,NA,NA,NA
923,NA,NA,17785.631,17795.631,NA,NA,NA,NA,NA,NA,NA,NA,NA,NA
924,NA,NA,17797.498,17806.898,NA,NA,NA,NA,NA,NA,NA,NA,NA,NA
925,NA,NA,17807.898,17879.231,NA,NA,NA,NA,NA,NA,NA,NA,NA,NA
926,NA,NA,17879.231,17908.297,NA,NA,NA,NA,NA,NA,NA,NA,NA,NA
927,NA,NA,17909.697,17940.297,NA,NA,NA,NA,NA,NA,NA,NA,NA,NA
928,NA,NA,17946.297,17952.097,NA,NA,NA,NA,NA,NA,NA,NA,NA,NA
929,NA,NA,17953.164,17956.297,NA,NA,NA,NA,NA,NA,NA,NA,NA,NA
930,NA,NA,17987.631,17998.631,NA,NA,NA,NA,NA,NA,NA,NA,NA,NA
931,NA,NA,18001.897,18009.431,NA,NA,NA,NA,NA,NA,NA,NA,NA,NA
932,NA,NA,18010.164,18039.364,NA,NA,NA,NA,NA,NA,NA,NA,NA,NA
933,NA,NA,18071.231,18075.097,NA,NA,NA,NA,NA,NA,NA,NA,NA,NA
934,NA,NA,18080.364,18080.897,NA,NA,NA,NA,NA,NA,NA,NA,NA,NA
935,NA,NA,18081.497,18081.564,NA,NA,NA,NA,NA,NA,NA,NA,NA,NA
936,NA,NA,18081.764,18107.897,NA,NA,NA,NA,NA,NA,NA,NA,NA,NA
937,NA,NA,18113.697,18113.764,NA,NA,NA,NA,NA,NA,NA,NA,NA,NA
938,NA,NA,18128.064,18128.131,NA,NA,NA,NA,NA,NA,NA,NA,NA,NA
939,NA,NA,18131.197,18141.264,NA,NA,NA,NA,NA,NA,NA,NA,NA,NA
940,NA,NA,18144.397,18145.031,NA,NA,NA,NA,NA,NA,NA,NA,NA,NA
941,NA,NA,18146.797,18147.264,NA,NA,NA,NA,NA,NA,NA,NA,NA,NA
942,NA,NA,18178.931,18214.131,NA,NA,NA,NA,NA,NA,NA,NA,NA,NA
943,NA,NA,18214.531,18245.531,NA,NA,NA,NA,NA,NA,NA,NA,NA,NA
944,NA,NA,18246.131,18251.197,NA,NA,NA,NA,NA,NA,NA,NA,NA,NA
945,NA,NA,18260.797,18262.131,NA,NA,NA,NA,NA,NA,NA,NA,NA,NA
946,NA,NA,18270.931,18271.997,NA,NA,NA,NA,NA,NA,NA,NA,NA,NA
947,NA,NA,18278.464,18355.197,NA,NA,NA,NA,NA,NA,NA,NA,NA,NA
948,NA,NA,18355.964,18358.297,NA,NA,NA,NA,NA,NA,NA,NA,NA,NA
949,NA,NA,18358.831,18359.164,NA,NA,NA,NA,NA,NA,NA,NA,NA,NA
950,NA,NA,18395.331,18397.397,NA,NA,NA,NA,NA,NA,NA,NA,NA,NA
951,NA,NA,19845.297,19847.397,NA,NA,NA,NA,NA,NA,NA,NA,NA,NA
952,NA,NA,19939.231,19942.964,NA,NA,NA,NA,NA,NA,NA,NA,NA,NA
953,NA,NA,20262.264,20335.731,NA,NA,NA,NA,NA,NA,NA,NA,NA,NA
