"X1","Center_start","Center_stop","Unknown_start","Unknown_stop","Contact_Right_start","Contact_Right_stop","Right_start","Right_stop","Left_start","Left_stop","Contact_Left_start","Contact_Left_stop","Contact_Center_start","Contact_Center_stop"
1,0,1.5,1.5,4.733,4.733,6.7,6.7,6.733,218.4,240.833,240.833,241.633,1191.567,1191.6
2,210,218.4,945.9,950.333,6.733,6.767,6.767,7.3,241.633,241.667,241.667,244.133,NA,NA
3,332.1,333.533,1600.4,1602.633,7.3,8,8,8.1,244.133,244.267,244.267,248.6,NA,NA
4,353.733,356.667,2530.033,2532.6,8.1,11.667,11.667,11.7,248.6,248.633,248.633,248.667,NA,NA
5,367.133,369,2734.7,2734.967,11.7,14.167,14.167,14.233,248.667,248.7,248.7,252.933,NA,NA
6,420.6,421.2,2941.767,2952.333,14.233,16.667,16.667,16.933,252.933,254.167,254.167,255.533,NA,NA
7,508.333,517.6,3188.167,3192.033,16.933,17.1,17.1,17.267,255.533,258.433,258.433,258.867,NA,NA
8,522.533,527.533,3835.633,3844.433,17.267,24.2,24.2,24.867,258.867,259.767,259.767,260.3,NA,NA
9,550.033,551.767,3851.6,3871.666,24.867,24.967,24.967,26.533,260.3,271.533,271.533,309.933,NA,NA
10,584.5,592.267,3884.466,3896.666,26.533,26.6,26.6,26.633,309.933,310.2,310.2,331.167,NA,NA
11,969.233,971.2,4575.233,4576.566,26.633,26.733,26.733,26.9,331.167,332.1,360.5,363.167,NA,NA
12,1012.967,1022.967,4608.233,4612.866,26.9,26.933,26.933,27,356.667,360.5,371.8,371.967,NA,NA
13,1191.6,1231.267,5220.9,5224.233,27,47.267,47.267,47.433,363.167,367.133,372.067,372.233,NA,NA
14,1280.733,1286.933,7992.066,7994.833,47.433,50.2,50.2,50.233,369,371.8,374.5,374.567,NA,NA
15,1287.167,1287.567,8088.366,8090.133,50.233,51.733,51.733,52.467,371.967,372.067,374.667,374.7,NA,NA
16,1288,1289.2,8384.833,8389.566,52.467,53.067,53.067,54.133,372.233,374.5,374.8,375.7,NA,NA
17,1289.267,1290.967,8392.666,8394.466,54.133,58.7,58.7,59.8,374.567,374.667,381.133,383.7,NA,NA
18,1316.867,1324.133,8419.633,8439.633,59.8,59.867,59.867,59.9,374.7,374.8,384.1,384.467,NA,NA
19,1388.833,1392.333,9123.833,9124.733,59.9,60.167,60.167,60.233,375.7,381.133,386.1,387.033,NA,NA
20,1463.1,1463.4,9358.966,9369.666,60.233,61.4,61.4,61.433,383.7,384.1,397,413.7,NA,NA
21,1468.633,1468.667,9446.099,9462.499,61.433,63.733,63.733,64.2,384.467,386.1,414.033,420.233,NA,NA
22,1469.833,1503.3,9464.966,9604.699,64.2,65.133,65.133,65.233,387.033,397,553.933,569.867,NA,NA
23,1521.333,1528.6,9605.566,9795.066,65.233,68.8,68.8,69.767,413.7,414.033,971.667,1012.733,NA,NA
24,1776.567,1871.4,9798.599,9972.699,69.767,70.9,70.9,70.933,420.233,420.6,1237.533,1275.133,NA,NA
25,1886.033,1886.833,10276.399,10276.633,70.933,71.4,71.4,72.1,517.6,522.533,1275.967,1277.633,NA,NA
26,1987.5,1992.867,10921.866,10922.632,72.1,74.833,74.833,75.333,551.767,553.933,1298.033,1313.667,NA,NA
27,2017.033,2023.8,11334.499,11339.232,75.333,90.333,90.333,90.4,569.867,584.5,1517.867,1519.067,NA,NA
28,2059,2107.567,11745.666,11746.166,90.4,96.367,96.367,96.433,971.2,971.667,1873.733,1877.3,NA,NA
29,2127.133,2127.967,12408.732,12409.132,96.433,97.133,97.133,97.167,1012.733,1012.967,1877.5,1877.6,NA,NA
30,2212.533,2245.167,12608.399,12610.066,97.167,122.5,122.5,122.533,1231.267,1237.533,1877.733,1885.633,NA,NA
31,2294.033,2311.1,14526.099,14526.965,122.533,122.733,122.733,122.767,1275.133,1275.967,2115.6,2125.533,NA,NA
32,2442,2447.667,14530.665,14530.932,122.767,152.467,152.467,152.8,1277.633,1280.733,2511.467,2523.6,NA,NA
33,2488.9,2491.4,16208.199,16242.932,152.8,153.267,153.267,153.7,1290.967,1298.033,2698.667,2701.633,NA,NA
34,2524.8,2525.5,16270.965,16272.432,153.7,186.933,186.933,187.167,1313.667,1316.867,3016.133,3019.767,NA,NA
35,2553.167,2602.933,16316.199,16318.732,187.167,190.067,190.067,190.333,1503.3,1517.867,3020.3,3021.9,NA,NA
36,2672.8,2686.933,16365.065,16367.665,190.333,190.733,190.733,190.767,1519.067,1521.333,3029.7,3056.1,NA,NA
37,2702.033,2702.733,16444.399,16452.399,190.767,193.367,193.367,193.4,1871.4,1873.733,3162.833,3163.067,NA,NA
38,2742.833,2759.467,17299.199,17303.199,193.4,199.367,199.367,199.467,1877.3,1877.5,3163.667,3163.867,NA,NA
39,2787.833,2799.867,17834.365,17835.532,199.467,199.6,199.6,199.667,1877.6,1877.733,3163.9,3164,NA,NA
40,2827.333,2830.567,18285.498,18293.165,199.667,203.033,203.033,204.5,1885.633,1886.033,3164.267,3166.367,NA,NA
41,2837.8,2864.933,18296.298,18302.031,204.5,205.567,205.567,210,2107.567,2115.6,3334.667,3341.6,NA,NA
42,2993.433,2994.633,18349.831,18352.198,336.867,337.167,333.533,336.867,2125.533,2127.133,3685.4,3685.933,NA,NA
43,3079.8,3096.333,18939.498,18953.831,337.667,341.167,337.167,337.667,2491.4,2511.467,3691.166,3691.466,NA,NA
44,3105.9,3112.4,19013.565,19016.898,341.3,341.8,341.167,341.3,2523.6,2524.8,3692.433,3703.066,NA,NA
45,3145.933,3161.733,19028.765,19030.831,342.1,342.433,341.8,342.1,2686.933,2698.667,3796.033,3804.266,NA,NA
46,3173.7,3174.3,19121.298,19123.031,343.133,343.7,342.433,343.133,2701.633,2702.033,3804.333,3804.633,NA,NA
47,3240.667,3241.367,20299.731,20300.398,343.767,353.533,343.7,343.767,2830.567,2837.8,3804.766,3805.066,NA,NA
48,3291.133,3306.733,20316.498,20351.898,421.933,422.7,353.533,353.733,2994.633,3016.133,4140.033,4146.9,NA,NA
49,3328.233,3333.733,20358.531,20368.431,422.733,441.767,421.2,421.933,3019.767,3020.3,4883.266,4883.8,NA,NA
50,3346.767,3370.833,21107.598,21112.365,441.967,448.133,422.7,422.733,3021.9,3029.7,4883.866,4883.966,NA,NA
51,3440.467,3444.667,NA,NA,448.433,454.167,441.767,441.967,3056.1,3079.8,4884.033,4884.066,NA,NA
52,3464.367,3482.2,NA,NA,454.7,454.8,448.133,448.433,3161.733,3162.833,4884.133,4884.166,NA,NA
53,3482.2,3483.933,NA,NA,454.9,454.933,454.167,454.7,3163.067,3163.667,4884.233,4884.433,NA,NA
54,3488.666,3497.066,NA,NA,454.967,471.167,454.8,454.9,3163.867,3163.9,4884.933,4956.466,NA,NA
55,3507.466,3676.166,NA,NA,471.2,475.033,454.933,454.967,3164,3164.267,4956.5,4957.633,NA,NA
56,3703.566,3704.833,NA,NA,475.133,475.833,471.167,471.2,3166.367,3173.7,4957.7,4957.766,NA,NA
57,3741.8,3776.6,NA,NA,476.067,482.133,475.033,475.133,3241.367,3291.133,4958.066,4958.366,NA,NA
58,3786.6,3793.533,NA,NA,484.9,488.833,475.833,476.067,3333.733,3334.667,4960.633,4988.2,NA,NA
59,3807.4,3807.533,NA,NA,528.233,528.767,482.133,484.9,3341.6,3346.767,5380.366,5384,NA,NA
60,3810.833,3835.266,NA,NA,529.2,529.267,488.833,508.333,3483.933,3488.666,5389.633,5396.466,NA,NA
61,4051.7,4053.666,NA,NA,530.833,546,527.533,528.233,3676.166,3685.4,5396.9,5397.033,NA,NA
62,4069.566,4124.7,NA,NA,600.133,646.467,528.767,529.2,3685.933,3691.166,5397.366,5397.433,NA,NA
63,4126.633,4137.633,NA,NA,646.667,721.1,529.267,530.833,3691.466,3692.433,5397.566,5399.233,NA,NA
64,4158.8,4159.566,NA,NA,721.133,758.267,546,550.033,3703.066,3703.566,5399.266,5399.533,NA,NA
65,4546.6,4565.133,NA,NA,758.9,781.9,592.267,600.133,3793.533,3796.033,5399.6,5399.733,NA,NA
66,4852.6,4868.6,NA,NA,781.933,783.067,646.467,646.667,3804.266,3804.333,5400.066,5400.166,NA,NA
67,5073.333,5095.566,NA,NA,783.233,790.1,721.1,721.133,3804.633,3804.766,5400.766,5400.9,NA,NA
68,5118.9,5119.4,NA,NA,790.367,817.933,758.267,758.9,3805.066,3807.4,5401.133,5410.033,NA,NA
69,5119.433,5119.5,NA,NA,818.067,822.5,781.9,781.933,3807.533,3810.833,5412.633,5413.866,NA,NA
70,5267.833,5378.433,NA,NA,831.7,832.2,783.067,783.233,4053.666,4069.566,5417.233,5417.433,NA,NA
71,5378.5,5378.666,NA,NA,832.233,832.3,790.1,790.367,4137.633,4140.033,5417.6,5417.633,NA,NA
72,5419.1,5424.733,NA,NA,832.333,832.667,817.933,818.067,4146.9,4158.8,5418.8,5418.866,NA,NA
73,5426.033,5429.166,NA,NA,833.167,839.733,822.5,831.7,4868.6,4883.266,5429.666,5430.733,NA,NA
74,5443.533,5446.166,NA,NA,839.933,848.467,832.2,832.233,4883.8,4883.866,5432.533,5432.866,NA,NA
75,5446.2,5453.066,NA,NA,848.833,865,832.3,832.333,4883.966,4884.033,5433,5435.4,NA,NA
76,5453.2,5453.266,NA,NA,867.267,867.367,832.667,833.167,4884.066,4884.133,5435.433,5435.5,NA,NA
77,5501.933,5511.666,NA,NA,867.633,869.067,839.733,839.933,4884.166,4884.233,5435.533,5435.566,NA,NA
78,5523.833,5524.666,NA,NA,869.333,870.367,848.467,848.833,4884.433,4884.933,5438.2,5438.266,NA,NA
79,5550.366,5583.7,NA,NA,870.633,885.5,865,867.267,4956.466,4956.5,5438.333,5438.466,NA,NA
80,5630.566,5631.666,NA,NA,885.633,939.733,867.367,867.633,4957.633,4957.7,5438.833,5438.9,NA,NA
81,5667.3,5677.133,NA,NA,941.767,941.9,869.067,869.333,4957.766,4958.066,5442.3,5442.366,NA,NA
82,5715.6,5719.7,NA,NA,942.067,945.367,870.367,870.633,4958.366,4960.633,5446.166,5446.2,NA,NA
83,5739.1,5792.066,NA,NA,945.467,945.633,885.5,885.633,4988.2,5073.333,5492.133,5492.966,NA,NA
84,5792.133,5800.533,NA,NA,954.267,954.433,939.733,941.767,5095.566,5118.9,5496,5496.466,NA,NA
85,5802.5,5802.6,NA,NA,954.533,955.067,941.9,942.067,5378.433,5378.5,5496.633,5500.233,NA,NA
86,5802.633,5803.066,NA,NA,955.1,955.833,945.367,945.467,5378.666,5380.366,5519.4,5519.433,NA,NA
87,5803.333,5811.5,NA,NA,956.367,961.333,945.633,945.9,5384,5389.633,5522.933,5522.966,NA,NA
88,6828.666,6829.466,NA,NA,1023.267,1025.767,950.333,954.267,5396.466,5396.9,5827.5,5827.633,NA,NA
89,7879.966,7885.199,NA,NA,1026.167,1026.633,954.433,954.533,5397.033,5397.366,5827.9,5828.033,NA,NA
90,7940.633,7949.233,NA,NA,1026.733,1026.8,955.067,955.1,5397.433,5397.566,5828.133,5828.233,NA,NA
91,7994.833,7996.899,NA,NA,1026.933,1037.4,955.833,956.367,5399.233,5399.266,8010.433,8010.599,NA,NA
92,8032.699,8040.266,NA,NA,1037.433,1037.533,961.333,969.233,5399.533,5399.6,8010.766,8010.899,NA,NA
93,8056.099,8070.399,NA,NA,1037.8,1042.967,1022.967,1023.267,5399.733,5400.066,8013.166,8018.666,NA,NA
94,8090.199,8090.866,NA,NA,1043.733,1044.4,1025.767,1026.167,5400.166,5400.766,8018.799,8023.799,NA,NA
95,8244.633,8245.599,NA,NA,1045.033,1048.333,1026.633,1026.733,5400.9,5401.133,8028.033,8032.033,NA,NA
96,8250.099,8257.166,NA,NA,1048.4,1048.467,1026.8,1026.933,5410.033,5412.633,8071.599,8072.066,NA,NA
97,8303.133,8379.933,NA,NA,1048.967,1049.767,1037.4,1037.433,5413.866,5417.233,8072.099,8073.233,NA,NA
98,8389.566,8392.566,NA,NA,1050.133,1063.5,1037.533,1037.8,5417.433,5417.6,8246.766,8249.633,NA,NA
99,8406.933,8409.966,NA,NA,1063.6,1073.8,1042.967,1043.733,5417.633,5418.8,8682.099,8682.399,NA,NA
100,8452.233,8547.133,NA,NA,1074.7,1090.133,1044.4,1045.033,5418.866,5419.1,8682.499,8682.533,NA,NA
101,8597.099,8612.633,NA,NA,1090.167,1090.367,1048.333,1048.4,5424.733,5426.033,8689.366,8689.999,NA,NA
102,8677.533,8679.033,NA,NA,1090.467,1092.7,1048.467,1048.967,5429.166,5429.666,8693.266,8693.399,NA,NA
103,8767.233,8784.333,NA,NA,1094.1,1178.267,1049.767,1050.133,5430.733,5432.533,8693.433,8693.499,NA,NA
104,8964.266,8965.299,NA,NA,1178.533,1189,1063.5,1063.6,5432.866,5433,8693.599,8693.666,NA,NA
105,8966.833,9030.699,NA,NA,1190.3,1191.567,1073.8,1074.7,5435.4,5435.433,8693.899,8708.399,NA,NA
106,9073.033,9082.933,NA,NA,1286.933,1287.167,1090.133,1090.167,5435.5,5435.533,8708.433,8709.033,NA,NA
107,9095.199,9104.366,NA,NA,1287.567,1288,1090.367,1090.467,5435.566,5438.2,8709.533,8710.066,NA,NA
108,9124.733,9268.533,NA,NA,1289.2,1289.267,1092.7,1094.1,5438.266,5438.333,8710.133,8710.266,NA,NA
109,9281.366,9299.466,NA,NA,1337.6,1357.867,1178.267,1178.533,5438.466,5438.833,8710.333,8711.199,NA,NA
110,9325.066,9329.333,NA,NA,1370.233,1378.7,1189,1190.3,5438.9,5442.3,8711.566,8712.099,NA,NA
111,9334.533,9357.533,NA,NA,1394.6,1394.733,1324.133,1337.6,5442.366,5443.533,8712.299,8712.599,NA,NA
112,9357.633,9357.666,NA,NA,1395.5,1397.7,1357.867,1370.233,5453.066,5453.2,8712.699,8712.833,NA,NA
113,9432.766,9435.233,NA,NA,1398.333,1428.933,1378.7,1388.833,5453.266,5492.133,8712.866,8713.099,NA,NA
114,9973.266,9974.866,NA,NA,1529.3,1600.3,1392.333,1394.6,5492.966,5496,8713.366,8713.499,NA,NA
115,10051.466,10067.499,NA,NA,1602.633,1610.1,1394.733,1395.5,5496.466,5496.633,8713.733,8713.766,NA,NA
116,10127.133,10276.399,NA,NA,1628.033,1628.3,1397.7,1398.333,5500.233,5501.933,8713.833,8714.033,NA,NA
117,10276.933,10277.066,NA,NA,1628.4,1628.567,1428.933,1463.1,5511.666,5519.4,8714.133,8714.199,NA,NA
118,10277.166,10277.399,NA,NA,1628.8,1629.167,1463.4,1468.633,5519.433,5522.933,8714.233,8714.699,NA,NA
119,10308.366,10309.433,NA,NA,1629.2,1629.3,1468.667,1469.833,5522.966,5523.833,8715.666,8717.299,NA,NA
120,10346.799,10354.499,NA,NA,1632.233,1632.567,1528.6,1529.3,5631.666,5667.3,8721.266,8721.833,NA,NA
121,10354.699,10355.733,NA,NA,1633.267,1633.3,1600.3,1600.4,5719.7,5739.1,8722.166,8722.233,NA,NA
122,10413.799,10687.766,NA,NA,1633.367,1633.4,1610.1,1628.033,5792.066,5792.133,8722.766,8727.233,NA,NA
123,10687.766,10760.732,NA,NA,1633.567,1656.1,1628.3,1628.4,5800.533,5802.5,8728.166,8728.299,NA,NA
124,10831.832,10833.032,NA,NA,1656.233,1656.267,1628.567,1628.8,5802.6,5802.633,8728.366,8728.933,NA,NA
125,10878.532,10921.732,NA,NA,1656.333,1656.5,1629.167,1629.2,5803.066,5803.333,8729.266,8729.966,NA,NA
126,11023.466,11025.266,NA,NA,1656.933,1657.533,1629.3,1632.233,5811.5,5827.5,8965.633,8966.133,NA,NA
127,11031.399,11036.099,NA,NA,1658.033,1658.067,1632.567,1633.267,5827.633,5827.9,9030.966,9037.499,NA,NA
128,11373.699,11377.399,NA,NA,1671.367,1682.867,1633.3,1633.367,5828.033,5828.133,9058.166,9058.299,NA,NA
129,11380.866,11745.666,NA,NA,1682.967,1688.067,1633.4,1633.567,5828.233,6828.666,9058.433,9060.266,NA,NA
130,11905.599,11931.466,NA,NA,1710.633,1710.9,1656.1,1656.233,7996.899,8010.433,9060.466,9064.699,NA,NA
131,11958.432,11960.899,NA,NA,1713.767,1716.433,1656.267,1656.333,8010.599,8010.766,9064.899,9066.233,NA,NA
132,11966.699,11978.332,NA,NA,1718.367,1719.233,1656.5,1656.933,8010.899,8013.166,9066.266,9066.333,NA,NA
133,12314.999,12390.666,NA,NA,1720.9,1721.033,1657.533,1658.033,8018.666,8018.799,9066.433,9067.733,NA,NA
134,12395.799,12407.866,NA,NA,1721.1,1724.333,1658.067,1671.367,8023.799,8028.033,9067.799,9070.133,NA,NA
135,12408.199,12408.332,NA,NA,1730.333,1730.533,1682.867,1682.967,8032.033,8032.699,9072.733,9072.799,NA,NA
136,12568.132,12569.532,NA,NA,1730.633,1730.767,1688.067,1710.633,8070.399,8071.599,9275.366,9275.399,NA,NA
137,12585.366,12608.299,NA,NA,1761.533,1762,1710.9,1713.767,8072.066,8072.099,9275.433,9277.399,NA,NA
138,14268.499,14269.399,NA,NA,1762.167,1768.667,1716.433,1718.367,8073.233,8088.366,10077.766,10079.566,NA,NA
139,14315.632,14370.399,NA,NA,1888.9,1898.633,1719.233,1720.9,8090.133,8090.199,10098.566,10098.599,NA,NA
140,14526.965,14530.665,NA,NA,1898.7,1899.133,1721.033,1721.1,8245.599,8246.766,10098.633,10127.133,NA,NA
141,14530.965,14545.199,NA,NA,1902.533,1929.4,1724.333,1730.333,8249.633,8250.099,10317.666,10317.933,NA,NA
142,14558.232,14561.832,NA,NA,1929.467,1929.8,1730.533,1730.633,8392.566,8392.666,10319.566,10320.033,NA,NA
143,14775.332,14783.865,NA,NA,1930.033,1931,1730.767,1761.533,8394.466,8406.933,10320.999,10322.933,NA,NA
144,14783.932,14784.099,NA,NA,1931.467,1931.567,1762,1762.167,8679.033,8682.099,10761.599,10764.732,NA,NA
145,14785.899,14787.432,NA,NA,1948.2,1949.6,1768.667,1776.567,8682.399,8682.499,10765.566,10781.599,NA,NA
146,14790.165,14790.965,NA,NA,1950.2,1954.633,1886.833,1888.9,8682.533,8689.366,10783.132,10783.266,NA,NA
147,14819.599,14819.932,NA,NA,1954.833,1954.933,1898.633,1898.7,8689.999,8693.266,10799.432,10802.632,NA,NA
148,14820.065,14820.432,NA,NA,1957.233,1962.667,1899.133,1902.533,8693.399,8693.433,10804.132,10804.199,NA,NA
149,14821.365,14826.165,NA,NA,1963.233,1969.7,1929.4,1929.467,8693.499,8693.599,11027.432,11028.366,NA,NA
150,14892.299,14893.132,NA,NA,1969.9,1970.267,1929.8,1930.033,8693.666,8693.899,12392.332,12392.399,NA,NA
151,14939.699,15968.365,NA,NA,1970.367,1970.567,1931,1931.467,8708.399,8708.433,12392.432,12393.566,NA,NA
152,15974.265,15977.699,NA,NA,1970.867,1982.6,1931.567,1948.2,8709.033,8709.533,12393.599,12393.832,NA,NA
153,16148.032,16152.599,NA,NA,1984.033,1984.667,1949.6,1950.2,8710.066,8710.133,14273.066,14273.199,NA,NA
154,16175.565,16184.799,NA,NA,1995.8,1996.267,1954.633,1954.833,8710.266,8710.333,14273.499,14273.666,NA,NA
155,16189.465,16190.665,NA,NA,1996.767,1997.033,1954.933,1957.233,8711.199,8711.566,14273.932,14274.032,NA,NA
156,16318.732,16351.365,NA,NA,2001.6,2001.667,1962.667,1963.233,8712.099,8712.299,14274.266,14280.666,NA,NA
157,16367.665,16375.699,NA,NA,2001.767,2011.167,1969.7,1969.9,8712.599,8712.699,14567.932,14568.365,NA,NA
158,16399.865,16408.699,NA,NA,2011.267,2011.667,1970.267,1970.367,8712.833,8712.866,14787.699,14787.832,NA,NA
159,16423.932,16433.399,NA,NA,2011.9,2014.067,1970.567,1970.867,8713.099,8713.366,14787.899,14789.765,NA,NA
160,16452.399,16459.732,NA,NA,2029.133,2042.067,1982.6,1984.033,8713.499,8713.733,14827.065,14828.099,NA,NA
161,17048.832,17049.632,NA,NA,2042.333,2051.6,1984.667,1987.5,8713.766,8713.833,14833.599,14833.665,NA,NA
162,17089.732,17092.265,NA,NA,2052.467,2053.4,1992.867,1995.8,8714.033,8714.133,14834.132,14834.199,NA,NA
163,17430.665,17435.299,NA,NA,2053.733,2053.933,1996.267,1996.767,8714.199,8714.233,14834.265,14834.599,NA,NA
164,17450.332,17451.099,NA,NA,2129.4,2131.133,1997.033,2001.6,8714.699,8715.666,14842.099,14842.165,NA,NA
165,17724.632,17740.132,NA,NA,2131.233,2131.533,2001.667,2001.767,8717.299,8721.266,14849.999,14850.165,NA,NA
166,17742.632,17746.432,NA,NA,2134,2181.7,2011.167,2011.267,8721.833,8722.166,14850.299,14857.765,NA,NA
167,17792.132,17812.532,NA,NA,2201.467,2204.2,2011.667,2011.9,8722.233,8722.766,14863.465,14864.332,NA,NA
168,17812.865,17814.332,NA,NA,2245.833,2249.133,2014.067,2017.033,8727.233,8728.166,14866.899,14867.032,NA,NA
169,17821.899,17823.232,NA,NA,2255.567,2255.6,2023.8,2029.133,8728.299,8728.366,14869.199,14869.232,NA,NA
170,17823.699,17823.732,NA,NA,2255.767,2256.633,2042.067,2042.333,8728.933,8729.266,15970.032,15970.065,NA,NA
171,17823.832,17823.865,NA,NA,2282.1,2293.767,2051.6,2052.467,8729.966,8767.233,15970.165,15970.499,NA,NA
172,17824.099,17824.632,NA,NA,2400,2411.633,2053.4,2053.733,8965.299,8965.633,16185.699,16185.765,NA,NA
173,17826.399,17834.365,NA,NA,2417.933,2418.233,2053.933,2059,8966.133,8966.833,16186.732,16186.899,NA,NA
174,18163.932,18176.332,NA,NA,2434.1,2435.267,2127.967,2129.4,9030.699,9030.966,16186.999,16187.065,NA,NA
175,18212.998,18216.098,NA,NA,2450.567,2450.767,2131.133,2131.233,9037.499,9058.166,16188.265,16188.932,NA,NA
176,18302.098,18319.498,NA,NA,2454.033,2454.6,2131.533,2134,9058.299,9058.433,16188.965,16189.065,NA,NA
177,18322.298,18324.798,NA,NA,2456.367,2457.133,2181.7,2201.467,9060.266,9060.466,16409.299,16412.432,NA,NA
178,18338.365,18339.865,NA,NA,2457.433,2457.733,2204.2,2212.533,9064.699,9064.899,17050.599,17050.699,NA,NA
179,18668.531,18675.865,NA,NA,2458.333,2458.367,2245.167,2245.833,9066.233,9066.266,17050.865,17052.299,NA,NA
180,18752.198,18830.831,NA,NA,2464.033,2464.367,2249.133,2255.567,9066.333,9066.433,17084.365,17084.465,NA,NA
181,18842.365,18846.331,NA,NA,2465.133,2465.3,2255.6,2255.767,9067.733,9067.799,17084.799,17085.132,NA,NA
182,18876.531,18877.865,NA,NA,2465.333,2470.533,2256.633,2282.1,9070.133,9072.733,17435.932,17436.565,NA,NA
183,19092.631,19101.765,NA,NA,2476.667,2487.3,2293.767,2294.033,9072.799,9073.033,17740.832,17741.132,NA,NA
184,19119.865,19121.165,NA,NA,2525.933,2526.133,2311.1,2400,9082.933,9095.199,17741.665,17741.765,NA,NA
185,19208.865,19276.231,NA,NA,2529.867,2530.033,2411.633,2417.933,9268.533,9275.366,18176.798,18177.098,NA,NA
186,19442.998,19492.731,NA,NA,2532.6,2536.933,2418.233,2434.1,9275.399,9275.433,18177.865,18177.898,NA,NA
187,19564.765,19571.231,NA,NA,2538.933,2550.833,2435.267,2442,9277.399,9281.366,18178.798,18178.832,NA,NA
188,19579.698,19988.198,NA,NA,2551.467,2552.267,2447.667,2450.567,9329.333,9334.533,18178.865,18179.232,NA,NA
189,20027.331,20028.231,NA,NA,2603.333,2603.633,2450.767,2454.033,9435.233,9446.099,18179.332,18179.498,NA,NA
190,20257.231,20258.498,NA,NA,2603.733,2632.967,2454.6,2456.367,9795.066,9798.599,18179.532,18185.332,NA,NA
191,20259.531,20261.198,NA,NA,2633,2633.2,2457.133,2457.433,9972.699,9973.266,18185.498,18185.665,NA,NA
192,20271.765,20277.398,NA,NA,2633.533,2640.667,2457.733,2458.333,10067.499,10077.766,18186.332,18186.432,NA,NA
193,20293.331,20295.931,NA,NA,2641.067,2641.133,2458.367,2464.033,10079.566,10098.566,18187.165,18187.265,NA,NA
194,20296.365,20296.398,NA,NA,2641.233,2648.9,2464.367,2465.133,10098.599,10098.633,18187.332,18204.132,NA,NA
195,20296.498,20296.531,NA,NA,2662.333,2668.5,2465.3,2465.333,10309.433,10317.666,18204.165,18212.998,NA,NA
196,20296.565,20296.598,NA,NA,2703.1,2704.733,2470.533,2476.667,10317.933,10319.566,18326.065,18337.765,NA,NA
197,20296.631,20297.098,NA,NA,2705.033,2705.1,2487.3,2488.9,10320.033,10320.999,18337.798,18337.965,NA,NA
198,20795.865,20796.798,NA,NA,2707.167,2707.4,2525.5,2525.933,10322.933,10346.799,18846.765,18846.798,NA,NA
199,21106.531,21107.398,NA,NA,2716.267,2723.9,2526.133,2529.867,10760.732,10761.599,18847.631,18847.831,NA,NA
200,NA,NA,NA,NA,2726.933,2727,2536.933,2538.933,10764.732,10765.566,18850.831,18852.498,NA,NA
201,NA,NA,NA,NA,2727.733,2734.7,2550.833,2551.467,10781.599,10783.132,18852.565,18856.198,NA,NA
202,NA,NA,NA,NA,2734.967,2735.1,2552.267,2553.167,10783.266,10799.432,18857.265,18868.898,NA,NA
203,NA,NA,NA,NA,2735.2,2735.4,2602.933,2603.333,10802.632,10804.132,19102.965,19102.998,NA,NA
204,NA,NA,NA,NA,2735.833,2738.233,2603.633,2603.733,10804.199,10831.832,19104.331,19104.365,NA,NA
205,NA,NA,NA,NA,2738.6,2738.667,2632.967,2633,11025.266,11027.432,19572.465,19573.331,NA,NA
206,NA,NA,NA,NA,2738.767,2738.833,2633.2,2633.533,11028.366,11031.399,19577.431,19577.998,NA,NA
207,NA,NA,NA,NA,2739.3,2742.733,2640.667,2641.067,11377.399,11380.866,20029.631,20030.865,NA,NA
208,NA,NA,NA,NA,2759.8,2760.567,2641.133,2641.233,11960.899,11966.699,20032.631,20033.165,NA,NA
209,NA,NA,NA,NA,2760.833,2761.2,2648.9,2662.333,12390.666,12392.332,20035.798,20036.931,NA,NA
210,NA,NA,NA,NA,2766.267,2787.767,2668.5,2672.8,12392.399,12392.432,20278.398,20283.931,NA,NA
211,NA,NA,NA,NA,2800.033,2809.567,2702.733,2703.1,12393.566,12393.599,20284.165,20284.265,NA,NA
212,NA,NA,NA,NA,2823.2,2823.467,2704.733,2705.033,12393.832,12395.799,20797.631,20798.931,NA,NA
213,NA,NA,NA,NA,2878.133,2878.233,2705.1,2707.167,12569.532,12585.366,20800.231,20800.365,NA,NA
214,NA,NA,NA,NA,2878.533,2879,2707.4,2716.267,14269.399,14273.066,20988.065,20988.465,NA,NA
215,NA,NA,NA,NA,2879.2,2879.433,2723.9,2726.933,14273.199,14273.499,20989.165,21000.098,NA,NA
216,NA,NA,NA,NA,2885.367,2885.7,2727,2727.733,14273.666,14273.932,NA,NA,NA,NA
217,NA,NA,NA,NA,2891.7,2940.467,2735.1,2735.2,14274.032,14274.266,NA,NA,NA,NA
218,NA,NA,NA,NA,2940.567,2941.4,2735.4,2735.833,14280.666,14291.999,NA,NA,NA,NA
219,NA,NA,NA,NA,2953.4,2986.4,2738.233,2738.6,14291.999,14315.632,NA,NA,NA,NA
220,NA,NA,NA,NA,3185.867,3186.933,2738.667,2738.767,14530.932,14530.965,NA,NA,NA,NA
221,NA,NA,NA,NA,3192.033,3194.033,2738.833,2739.3,14561.832,14567.932,NA,NA,NA,NA
222,NA,NA,NA,NA,3194.433,3194.967,2742.733,2742.833,14568.365,14775.332,NA,NA,NA,NA
223,NA,NA,NA,NA,3195.067,3205.867,2759.467,2759.8,14787.432,14787.699,NA,NA,NA,NA
224,NA,NA,NA,NA,3206.033,3231.067,2760.567,2760.833,14787.832,14787.899,NA,NA,NA,NA
225,NA,NA,NA,NA,3307.667,3308.067,2761.2,2766.267,14789.765,14790.165,NA,NA,NA,NA
226,NA,NA,NA,NA,3308.267,3309.067,2787.767,2787.833,14826.165,14827.065,NA,NA,NA,NA
227,NA,NA,NA,NA,3309.267,3315.867,2799.867,2800.033,14828.099,14833.599,NA,NA,NA,NA
228,NA,NA,NA,NA,3316.033,3316.3,2809.567,2823.2,14833.665,14834.132,NA,NA,NA,NA
229,NA,NA,NA,NA,3316.8,3317.233,2823.467,2827.333,14834.199,14834.265,NA,NA,NA,NA
230,NA,NA,NA,NA,3317.667,3321.4,2864.933,2878.133,14834.599,14842.099,NA,NA,NA,NA
231,NA,NA,NA,NA,3371.467,3398.233,2878.233,2878.533,14842.165,14849.999,NA,NA,NA,NA
232,NA,NA,NA,NA,3399.933,3400,2879,2879.2,14850.165,14850.299,NA,NA,NA,NA
233,NA,NA,NA,NA,3400.2,3410.7,2879.433,2885.367,14857.765,14863.465,NA,NA,NA,NA
234,NA,NA,NA,NA,3417.2,3417.733,2885.7,2891.7,14864.332,14866.899,NA,NA,NA,NA
235,NA,NA,NA,NA,3417.767,3418.7,2940.467,2940.567,14867.032,14869.199,NA,NA,NA,NA
236,NA,NA,NA,NA,3428.1,3428.8,2941.4,2941.767,14869.232,14892.299,NA,NA,NA,NA
237,NA,NA,NA,NA,3430.3,3433.667,2952.333,2953.4,15968.365,15970.032,NA,NA,NA,NA
238,NA,NA,NA,NA,3434.2,3434.233,2986.4,2993.433,15970.065,15970.165,NA,NA,NA,NA
239,NA,NA,NA,NA,3448,3463.367,3096.333,3105.9,15970.499,15974.265,NA,NA,NA,NA
240,NA,NA,NA,NA,3500.466,3500.833,3112.4,3145.933,16184.799,16185.699,NA,NA,NA,NA
241,NA,NA,NA,NA,3705.666,3712.866,3174.3,3185.867,16185.765,16186.732,NA,NA,NA,NA
242,NA,NA,NA,NA,3715.6,3715.933,3186.933,3188.167,16186.899,16186.999,NA,NA,NA,NA
243,NA,NA,NA,NA,3716.266,3716.366,3194.033,3194.433,16187.065,16188.265,NA,NA,NA,NA
244,NA,NA,NA,NA,3716.6,3725.433,3194.967,3195.067,16188.932,16188.965,NA,NA,NA,NA
245,NA,NA,NA,NA,3778.266,3779.266,3205.867,3206.033,16189.065,16189.465,NA,NA,NA,NA
246,NA,NA,NA,NA,3779.566,3783.833,3231.067,3240.667,16408.699,16409.299,NA,NA,NA,NA
247,NA,NA,NA,NA,3922.033,3922.333,3306.733,3307.667,16412.432,16423.932,NA,NA,NA,NA
248,NA,NA,NA,NA,3922.666,3933.533,3308.067,3308.267,17049.632,17050.599,NA,NA,NA,NA
249,NA,NA,NA,NA,3933.566,3933.6,3309.067,3309.267,17050.699,17050.865,NA,NA,NA,NA
250,NA,NA,NA,NA,3933.666,3933.8,3315.867,3316.033,17052.299,17084.365,NA,NA,NA,NA
251,NA,NA,NA,NA,3934.033,3950.433,3316.3,3316.8,17084.465,17084.799,NA,NA,NA,NA
252,NA,NA,NA,NA,3950.733,3952.833,3317.233,3317.667,17085.132,17089.732,NA,NA,NA,NA
253,NA,NA,NA,NA,3952.933,3954.933,3321.4,3328.233,17435.299,17435.932,NA,NA,NA,NA
254,NA,NA,NA,NA,3955.133,3983.733,3370.833,3371.467,17436.565,17450.332,NA,NA,NA,NA
255,NA,NA,NA,NA,3983.8,3984.133,3398.233,3399.933,17740.132,17740.832,NA,NA,NA,NA
256,NA,NA,NA,NA,3985.466,3989.133,3400,3400.2,17741.132,17741.665,NA,NA,NA,NA
257,NA,NA,NA,NA,3989.2,3995.7,3410.7,3417.2,17741.765,17742.632,NA,NA,NA,NA
258,NA,NA,NA,NA,3996.333,3996.366,3417.733,3417.767,17812.532,17812.865,NA,NA,NA,NA
259,NA,NA,NA,NA,4005.8,4005.866,3418.7,3428.1,17814.332,17821.899,NA,NA,NA,NA
260,NA,NA,NA,NA,4005.9,4005.933,3428.8,3430.3,18176.332,18176.798,NA,NA,NA,NA
261,NA,NA,NA,NA,4008.366,4008.533,3433.667,3434.2,18177.098,18177.865,NA,NA,NA,NA
262,NA,NA,NA,NA,4008.666,4009,3434.233,3440.467,18177.898,18178.798,NA,NA,NA,NA
263,NA,NA,NA,NA,4009.033,4009.066,3444.667,3448,18178.832,18178.865,NA,NA,NA,NA
264,NA,NA,NA,NA,4022.933,4023.1,3463.367,3464.367,18179.232,18179.332,NA,NA,NA,NA
265,NA,NA,NA,NA,4023.4,4024.066,3497.066,3500.466,18179.498,18179.532,NA,NA,NA,NA
266,NA,NA,NA,NA,4024.2,4024.6,3500.833,3507.466,18185.332,18185.498,NA,NA,NA,NA
267,NA,NA,NA,NA,4026.933,4039.4,3704.833,3705.666,18185.665,18186.332,NA,NA,NA,NA
268,NA,NA,NA,NA,4159.966,4164.8,3712.866,3715.6,18186.432,18187.165,NA,NA,NA,NA
269,NA,NA,NA,NA,4166.633,4167.2,3715.933,3716.266,18187.265,18187.332,NA,NA,NA,NA
270,NA,NA,NA,NA,4167.4,4184.433,3716.366,3716.6,18204.132,18204.165,NA,NA,NA,NA
271,NA,NA,NA,NA,4188.4,4214.4,3725.433,3741.8,18324.798,18326.065,NA,NA,NA,NA
272,NA,NA,NA,NA,4215.1,4224.433,3776.6,3778.266,18337.765,18337.798,NA,NA,NA,NA
273,NA,NA,NA,NA,4224.533,4225.133,3779.266,3779.566,18337.965,18338.365,NA,NA,NA,NA
274,NA,NA,NA,NA,4225.833,4226.2,3783.833,3786.6,18846.331,18846.765,NA,NA,NA,NA
275,NA,NA,NA,NA,4226.6,4377.266,3835.266,3835.633,18846.798,18847.631,NA,NA,NA,NA
276,NA,NA,NA,NA,4377.766,4399.066,3844.433,3851.6,18847.831,18850.831,NA,NA,NA,NA
277,NA,NA,NA,NA,4399.4,4399.433,3871.666,3884.466,18852.498,18852.565,NA,NA,NA,NA
278,NA,NA,NA,NA,4399.466,4467.866,3896.666,3922.033,18856.198,18857.265,NA,NA,NA,NA
279,NA,NA,NA,NA,4474.4,4474.533,3922.333,3922.666,18868.898,18876.531,NA,NA,NA,NA
280,NA,NA,NA,NA,4475.066,4481.866,3933.533,3933.566,19101.765,19102.965,NA,NA,NA,NA
281,NA,NA,NA,NA,4481.966,4500.7,3933.6,3933.666,19102.998,19104.331,NA,NA,NA,NA
282,NA,NA,NA,NA,4527.6,4533.266,3933.8,3934.033,19104.365,19119.865,NA,NA,NA,NA
283,NA,NA,NA,NA,4533.333,4538.166,3950.433,3950.733,19571.231,19572.465,NA,NA,NA,NA
284,NA,NA,NA,NA,4538.466,4538.5,3952.833,3952.933,19573.331,19577.431,NA,NA,NA,NA
285,NA,NA,NA,NA,4668,4766.8,3954.933,3955.133,19577.998,19579.698,NA,NA,NA,NA
286,NA,NA,NA,NA,4800.066,4800.133,3983.733,3983.8,20028.231,20029.631,NA,NA,NA,NA
287,NA,NA,NA,NA,4800.766,4801.7,3984.133,3985.466,20030.865,20032.631,NA,NA,NA,NA
288,NA,NA,NA,NA,5119.4,5119.433,3989.133,3989.2,20033.165,20035.798,NA,NA,NA,NA
289,NA,NA,NA,NA,5119.7,5205.2,3995.7,3996.333,20036.931,20257.231,NA,NA,NA,NA
290,NA,NA,NA,NA,5206.433,5207.733,3996.366,4005.8,20277.398,20278.398,NA,NA,NA,NA
291,NA,NA,NA,NA,5240.766,5266.966,4005.866,4005.9,20283.931,20284.165,NA,NA,NA,NA
292,NA,NA,NA,NA,5526.033,5530.2,4005.933,4008.366,20284.265,20293.331,NA,NA,NA,NA
293,NA,NA,NA,NA,5586.933,5587.3,4008.533,4008.666,20796.798,20797.631,NA,NA,NA,NA
294,NA,NA,NA,NA,5587.8,5587.866,4009,4009.033,20798.931,20800.231,NA,NA,NA,NA
295,NA,NA,NA,NA,5588.166,5590,4009.066,4022.933,20800.365,20988.065,NA,NA,NA,NA
296,NA,NA,NA,NA,5598.266,5601.9,4023.1,4023.4,20988.465,20989.165,NA,NA,NA,NA
297,NA,NA,NA,NA,5603.333,5617.7,4024.066,4024.2,21000.098,21106.531,NA,NA,NA,NA
298,NA,NA,NA,NA,5703.833,5709.833,4024.6,4026.933,NA,NA,NA,NA,NA,NA
299,NA,NA,NA,NA,5710,5710.066,4039.4,4051.7,NA,NA,NA,NA,NA,NA
300,NA,NA,NA,NA,6830.299,7084.333,4124.7,4126.633,NA,NA,NA,NA,NA,NA
301,NA,NA,NA,NA,7084.333,7455.166,4159.566,4159.966,NA,NA,NA,NA,NA,NA
302,NA,NA,NA,NA,7455.566,7455.633,4164.8,4166.633,NA,NA,NA,NA,NA,NA
303,NA,NA,NA,NA,7455.833,7862.799,4167.2,4167.4,NA,NA,NA,NA,NA,NA
304,NA,NA,NA,NA,7949.633,7964.066,4184.433,4188.4,NA,NA,NA,NA,NA,NA
305,NA,NA,NA,NA,7964.533,7966.566,4214.4,4215.1,NA,NA,NA,NA,NA,NA
306,NA,NA,NA,NA,7967.899,7968.966,4224.433,4224.533,NA,NA,NA,NA,NA,NA
307,NA,NA,NA,NA,7968.999,7969.066,4225.133,4225.833,NA,NA,NA,NA,NA,NA
308,NA,NA,NA,NA,7969.633,7970.033,4226.2,4226.6,NA,NA,NA,NA,NA,NA
309,NA,NA,NA,NA,7970.133,7970.233,4377.266,4377.766,NA,NA,NA,NA,NA,NA
310,NA,NA,NA,NA,7970.333,7980.599,4399.066,4399.4,NA,NA,NA,NA,NA,NA
311,NA,NA,NA,NA,7980.666,7982.033,4399.433,4399.466,NA,NA,NA,NA,NA,NA
312,NA,NA,NA,NA,7982.099,7982.199,4467.866,4474.4,NA,NA,NA,NA,NA,NA
313,NA,NA,NA,NA,7982.299,7983.833,4474.533,4475.066,NA,NA,NA,NA,NA,NA
314,NA,NA,NA,NA,7983.899,7984.966,4481.866,4481.966,NA,NA,NA,NA,NA,NA
315,NA,NA,NA,NA,7985.433,7985.499,4500.7,4527.6,NA,NA,NA,NA,NA,NA
316,NA,NA,NA,NA,8041.633,8041.799,4533.266,4533.333,NA,NA,NA,NA,NA,NA
317,NA,NA,NA,NA,8041.933,8042.566,4538.166,4538.466,NA,NA,NA,NA,NA,NA
318,NA,NA,NA,NA,8042.733,8044.599,4538.5,4546.6,NA,NA,NA,NA,NA,NA
319,NA,NA,NA,NA,8044.633,8044.666,4565.133,4575.233,NA,NA,NA,NA,NA,NA
320,NA,NA,NA,NA,8095.566,8096.199,4576.566,4608.233,NA,NA,NA,NA,NA,NA
321,NA,NA,NA,NA,8105.666,8106.133,4612.866,4668,NA,NA,NA,NA,NA,NA
322,NA,NA,NA,NA,8108.533,8109.099,4766.8,4800.066,NA,NA,NA,NA,NA,NA
323,NA,NA,NA,NA,8125.366,8127.999,4800.133,4800.766,NA,NA,NA,NA,NA,NA
324,NA,NA,NA,NA,8128.033,8175.299,4801.7,4852.6,NA,NA,NA,NA,NA,NA
325,NA,NA,NA,NA,8175.933,8186.499,5119.5,5119.7,NA,NA,NA,NA,NA,NA
326,NA,NA,NA,NA,8187.066,8188.233,5205.2,5206.433,NA,NA,NA,NA,NA,NA
327,NA,NA,NA,NA,8190.633,8191.733,5207.733,5220.9,NA,NA,NA,NA,NA,NA
328,NA,NA,NA,NA,8191.799,8196.633,5224.233,5240.766,NA,NA,NA,NA,NA,NA
329,NA,NA,NA,NA,8197.133,8200.366,5266.966,5267.833,NA,NA,NA,NA,NA,NA
330,NA,NA,NA,NA,8222.899,8226.799,5524.666,5526.033,NA,NA,NA,NA,NA,NA
331,NA,NA,NA,NA,8227.233,8227.266,5530.2,5550.366,NA,NA,NA,NA,NA,NA
332,NA,NA,NA,NA,8227.433,8233.666,5583.7,5586.933,NA,NA,NA,NA,NA,NA
333,NA,NA,NA,NA,8234.699,8239.166,5587.3,5587.8,NA,NA,NA,NA,NA,NA
334,NA,NA,NA,NA,8380.866,8381.833,5587.866,5588.166,NA,NA,NA,NA,NA,NA
335,NA,NA,NA,NA,8566.933,8573.133,5590,5598.266,NA,NA,NA,NA,NA,NA
336,NA,NA,NA,NA,8573.399,8573.466,5601.9,5603.333,NA,NA,NA,NA,NA,NA
337,NA,NA,NA,NA,8573.999,8576.933,5617.7,5630.566,NA,NA,NA,NA,NA,NA
338,NA,NA,NA,NA,8613.399,8673.799,5677.133,5703.833,NA,NA,NA,NA,NA,NA
339,NA,NA,NA,NA,8674.866,8677.533,5709.833,5710,NA,NA,NA,NA,NA,NA
340,NA,NA,NA,NA,8785.066,8785.433,5710.066,5715.6,NA,NA,NA,NA,NA,NA
341,NA,NA,NA,NA,8786.633,8786.699,6829.466,6830.299,NA,NA,NA,NA,NA,NA
342,NA,NA,NA,NA,8786.733,8791.233,7455.166,7455.566,NA,NA,NA,NA,NA,NA
343,NA,NA,NA,NA,8792.899,8963.833,7455.633,7455.833,NA,NA,NA,NA,NA,NA
344,NA,NA,NA,NA,9110.233,9119.866,7862.799,7879.966,NA,NA,NA,NA,NA,NA
345,NA,NA,NA,NA,9300.033,9313.866,7885.199,7940.633,NA,NA,NA,NA,NA,NA
346,NA,NA,NA,NA,9314.099,9315.033,7949.233,7949.633,NA,NA,NA,NA,NA,NA
347,NA,NA,NA,NA,9315.099,9320.033,7964.066,7964.533,NA,NA,NA,NA,NA,NA
348,NA,NA,NA,NA,9320.266,9320.299,7966.566,7967.899,NA,NA,NA,NA,NA,NA
349,NA,NA,NA,NA,9322.566,9323.033,7968.966,7968.999,NA,NA,NA,NA,NA,NA
350,NA,NA,NA,NA,9323.266,9323.733,7969.066,7969.633,NA,NA,NA,NA,NA,NA
351,NA,NA,NA,NA,9323.766,9324.399,7970.033,7970.133,NA,NA,NA,NA,NA,NA
352,NA,NA,NA,NA,9370.433,9371.899,7970.233,7970.333,NA,NA,NA,NA,NA,NA
353,NA,NA,NA,NA,9371.999,9372.033,7980.599,7980.666,NA,NA,NA,NA,NA,NA
354,NA,NA,NA,NA,9377.333,9379.533,7982.033,7982.099,NA,NA,NA,NA,NA,NA
355,NA,NA,NA,NA,9379.766,9380.366,7982.199,7982.299,NA,NA,NA,NA,NA,NA
356,NA,NA,NA,NA,9381.899,9382.299,7983.833,7983.899,NA,NA,NA,NA,NA,NA
357,NA,NA,NA,NA,9382.566,9383.033,7984.966,7985.433,NA,NA,NA,NA,NA,NA
358,NA,NA,NA,NA,9383.433,9383.533,7985.499,7992.066,NA,NA,NA,NA,NA,NA
359,NA,NA,NA,NA,9384.466,9387.233,8040.266,8041.633,NA,NA,NA,NA,NA,NA
360,NA,NA,NA,NA,9387.433,9388.033,8041.799,8041.933,NA,NA,NA,NA,NA,NA
361,NA,NA,NA,NA,9405.799,9426.966,8042.566,8042.733,NA,NA,NA,NA,NA,NA
362,NA,NA,NA,NA,9462.499,9464.966,8044.599,8044.633,NA,NA,NA,NA,NA,NA
363,NA,NA,NA,NA,9604.699,9605.566,8044.666,8056.099,NA,NA,NA,NA,NA,NA
364,NA,NA,NA,NA,9975.166,10037.466,8090.866,8095.566,NA,NA,NA,NA,NA,NA
365,NA,NA,NA,NA,10038.033,10038.366,8096.199,8105.666,NA,NA,NA,NA,NA,NA
366,NA,NA,NA,NA,10038.933,10039.466,8106.133,8108.533,NA,NA,NA,NA,NA,NA
367,NA,NA,NA,NA,10040.733,10044.399,8109.099,8125.366,NA,NA,NA,NA,NA,NA
368,NA,NA,NA,NA,10044.766,10046.199,8127.999,8128.033,NA,NA,NA,NA,NA,NA
369,NA,NA,NA,NA,10048.133,10050.466,8175.299,8175.933,NA,NA,NA,NA,NA,NA
370,NA,NA,NA,NA,10050.599,10051.466,8186.499,8187.066,NA,NA,NA,NA,NA,NA
371,NA,NA,NA,NA,10276.633,10276.933,8188.233,8190.633,NA,NA,NA,NA,NA,NA
372,NA,NA,NA,NA,10277.066,10277.166,8191.733,8191.799,NA,NA,NA,NA,NA,NA
373,NA,NA,NA,NA,10282.666,10290.199,8196.633,8197.133,NA,NA,NA,NA,NA,NA
374,NA,NA,NA,NA,10291.399,10292.233,8200.366,8222.899,NA,NA,NA,NA,NA,NA
375,NA,NA,NA,NA,10292.899,10299.033,8226.799,8227.233,NA,NA,NA,NA,NA,NA
376,NA,NA,NA,NA,10299.133,10299.166,8227.266,8227.433,NA,NA,NA,NA,NA,NA
377,NA,NA,NA,NA,10299.266,10306.199,8233.666,8234.699,NA,NA,NA,NA,NA,NA
378,NA,NA,NA,NA,10354.499,10354.699,8239.166,8244.633,NA,NA,NA,NA,NA,NA
379,NA,NA,NA,NA,10355.799,10355.866,8257.166,8303.133,NA,NA,NA,NA,NA,NA
380,NA,NA,NA,NA,10355.899,10357.933,8379.933,8380.866,NA,NA,NA,NA,NA,NA
381,NA,NA,NA,NA,10358.899,10363.166,8381.833,8384.833,NA,NA,NA,NA,NA,NA
382,NA,NA,NA,NA,10363.266,10363.933,8409.966,8419.633,NA,NA,NA,NA,NA,NA
383,NA,NA,NA,NA,10364.066,10364.366,8439.633,8452.233,NA,NA,NA,NA,NA,NA
384,NA,NA,NA,NA,10365.333,10365.866,8547.133,8566.933,NA,NA,NA,NA,NA,NA
385,NA,NA,NA,NA,10365.999,10366.533,8573.133,8573.399,NA,NA,NA,NA,NA,NA
386,NA,NA,NA,NA,10836.966,10838.666,8573.466,8573.999,NA,NA,NA,NA,NA,NA
387,NA,NA,NA,NA,10839.399,10839.566,8576.933,8597.099,NA,NA,NA,NA,NA,NA
388,NA,NA,NA,NA,10867.766,10868.199,8612.633,8613.399,NA,NA,NA,NA,NA,NA
389,NA,NA,NA,NA,10870.132,10870.466,8673.799,8674.866,NA,NA,NA,NA,NA,NA
390,NA,NA,NA,NA,10870.566,10870.766,8784.333,8785.066,NA,NA,NA,NA,NA,NA
391,NA,NA,NA,NA,10870.799,10870.899,8785.433,8786.633,NA,NA,NA,NA,NA,NA
392,NA,NA,NA,NA,10871.266,10873.299,8786.699,8786.733,NA,NA,NA,NA,NA,NA
393,NA,NA,NA,NA,10875.332,10877.866,8791.233,8792.899,NA,NA,NA,NA,NA,NA
394,NA,NA,NA,NA,10922.632,10987.199,8963.833,8964.266,NA,NA,NA,NA,NA,NA
395,NA,NA,NA,NA,10987.266,10993.166,9104.366,9110.233,NA,NA,NA,NA,NA,NA
396,NA,NA,NA,NA,10993.299,11008.766,9119.866,9123.833,NA,NA,NA,NA,NA,NA
397,NA,NA,NA,NA,11008.999,11023.332,9299.466,9300.033,NA,NA,NA,NA,NA,NA
398,NA,NA,NA,NA,11037.199,11038.366,9313.866,9314.099,NA,NA,NA,NA,NA,NA
399,NA,NA,NA,NA,11040.032,11052.532,9315.033,9315.099,NA,NA,NA,NA,NA,NA
400,NA,NA,NA,NA,11052.599,11057.999,9320.033,9320.266,NA,NA,NA,NA,NA,NA
401,NA,NA,NA,NA,11058.032,11061.766,9320.299,9322.566,NA,NA,NA,NA,NA,NA
402,NA,NA,NA,NA,11061.899,11072.632,9323.033,9323.266,NA,NA,NA,NA,NA,NA
403,NA,NA,NA,NA,11075.099,11090.199,9323.733,9323.766,NA,NA,NA,NA,NA,NA
404,NA,NA,NA,NA,11091.099,11103.966,9324.399,9325.066,NA,NA,NA,NA,NA,NA
405,NA,NA,NA,NA,11104.099,11104.366,9357.533,9357.633,NA,NA,NA,NA,NA,NA
406,NA,NA,NA,NA,11106.399,11110.932,9357.666,9358.966,NA,NA,NA,NA,NA,NA
407,NA,NA,NA,NA,11112.932,11114.099,9369.666,9370.433,NA,NA,NA,NA,NA,NA
408,NA,NA,NA,NA,11114.232,11117.066,9371.899,9371.999,NA,NA,NA,NA,NA,NA
409,NA,NA,NA,NA,11118.799,11119.666,9372.033,9377.333,NA,NA,NA,NA,NA,NA
410,NA,NA,NA,NA,11126.399,11127.132,9379.533,9379.766,NA,NA,NA,NA,NA,NA
411,NA,NA,NA,NA,11129.399,11129.466,9380.366,9381.899,NA,NA,NA,NA,NA,NA
412,NA,NA,NA,NA,11131.966,11133.166,9382.299,9382.566,NA,NA,NA,NA,NA,NA
413,NA,NA,NA,NA,11133.266,11133.366,9383.033,9383.433,NA,NA,NA,NA,NA,NA
414,NA,NA,NA,NA,11136.866,11150.599,9383.533,9384.466,NA,NA,NA,NA,NA,NA
415,NA,NA,NA,NA,11152.832,11155.366,9387.233,9387.433,NA,NA,NA,NA,NA,NA
416,NA,NA,NA,NA,11155.899,11247.599,9388.033,9405.799,NA,NA,NA,NA,NA,NA
417,NA,NA,NA,NA,11306.799,11309.666,9426.966,9432.766,NA,NA,NA,NA,NA,NA
418,NA,NA,NA,NA,11310.666,11311.432,9974.866,9975.166,NA,NA,NA,NA,NA,NA
419,NA,NA,NA,NA,11311.466,11331.732,10037.466,10038.033,NA,NA,NA,NA,NA,NA
420,NA,NA,NA,NA,11339.232,11339.766,10038.366,10038.933,NA,NA,NA,NA,NA,NA
421,NA,NA,NA,NA,11339.899,11340.799,10039.466,10040.733,NA,NA,NA,NA,NA,NA
422,NA,NA,NA,NA,11340.999,11344.466,10044.399,10044.766,NA,NA,NA,NA,NA,NA
423,NA,NA,NA,NA,11357.166,11358.499,10046.199,10048.133,NA,NA,NA,NA,NA,NA
424,NA,NA,NA,NA,11746.166,11752.899,10050.466,10050.599,NA,NA,NA,NA,NA,NA
425,NA,NA,NA,NA,11753.132,11753.366,10277.399,10282.666,NA,NA,NA,NA,NA,NA
426,NA,NA,NA,NA,11753.566,11753.599,10290.199,10291.399,NA,NA,NA,NA,NA,NA
427,NA,NA,NA,NA,11753.866,11780.299,10292.233,10292.899,NA,NA,NA,NA,NA,NA
428,NA,NA,NA,NA,11780.366,11820.366,10299.033,10299.133,NA,NA,NA,NA,NA,NA
429,NA,NA,NA,NA,11828.166,11901.132,10299.166,10299.266,NA,NA,NA,NA,NA,NA
430,NA,NA,NA,NA,11901.332,11904.699,10306.199,10308.366,NA,NA,NA,NA,NA,NA
431,NA,NA,NA,NA,11932.266,11933.932,10355.733,10355.799,NA,NA,NA,NA,NA,NA
432,NA,NA,NA,NA,11933.966,11951.566,10355.866,10355.899,NA,NA,NA,NA,NA,NA
433,NA,NA,NA,NA,11991.966,11993.132,10357.933,10358.899,NA,NA,NA,NA,NA,NA
434,NA,NA,NA,NA,12004.499,12012.432,10363.166,10363.266,NA,NA,NA,NA,NA,NA
435,NA,NA,NA,NA,12012.499,12012.566,10363.933,10364.066,NA,NA,NA,NA,NA,NA
436,NA,NA,NA,NA,12013.432,12015.499,10364.366,10365.333,NA,NA,NA,NA,NA,NA
437,NA,NA,NA,NA,12015.566,12029.799,10365.866,10365.999,NA,NA,NA,NA,NA,NA
438,NA,NA,NA,NA,12030.166,12032.832,10366.533,10413.799,NA,NA,NA,NA,NA,NA
439,NA,NA,NA,NA,12033.099,12065.299,10833.032,10836.966,NA,NA,NA,NA,NA,NA
440,NA,NA,NA,NA,12065.466,12068.032,10838.666,10839.399,NA,NA,NA,NA,NA,NA
441,NA,NA,NA,NA,12068.099,12068.132,10839.566,10867.766,NA,NA,NA,NA,NA,NA
442,NA,NA,NA,NA,12068.266,12080.499,10868.199,10870.132,NA,NA,NA,NA,NA,NA
443,NA,NA,NA,NA,12080.966,12120.099,10870.466,10870.566,NA,NA,NA,NA,NA,NA
444,NA,NA,NA,NA,12120.299,12123.399,10870.766,10870.799,NA,NA,NA,NA,NA,NA
445,NA,NA,NA,NA,12123.466,12123.532,10870.899,10871.266,NA,NA,NA,NA,NA,NA
446,NA,NA,NA,NA,12123.632,12123.832,10873.299,10875.332,NA,NA,NA,NA,NA,NA
447,NA,NA,NA,NA,12123.999,12128.466,10877.866,10878.532,NA,NA,NA,NA,NA,NA
448,NA,NA,NA,NA,12128.866,12135.066,10921.732,10921.866,NA,NA,NA,NA,NA,NA
449,NA,NA,NA,NA,12135.466,12135.599,10987.199,10987.266,NA,NA,NA,NA,NA,NA
450,NA,NA,NA,NA,12135.666,12135.732,10993.166,10993.299,NA,NA,NA,NA,NA,NA
451,NA,NA,NA,NA,12136.099,12137.199,11008.766,11008.999,NA,NA,NA,NA,NA,NA
452,NA,NA,NA,NA,12137.266,12137.632,11023.332,11023.466,NA,NA,NA,NA,NA,NA
453,NA,NA,NA,NA,12138.066,12151.199,11036.099,11037.199,NA,NA,NA,NA,NA,NA
454,NA,NA,NA,NA,12151.332,12152.999,11038.366,11040.032,NA,NA,NA,NA,NA,NA
455,NA,NA,NA,NA,12153.066,12191.166,11052.532,11052.599,NA,NA,NA,NA,NA,NA
456,NA,NA,NA,NA,12191.666,12192.899,11057.999,11058.032,NA,NA,NA,NA,NA,NA
457,NA,NA,NA,NA,12193.099,12193.499,11061.766,11061.899,NA,NA,NA,NA,NA,NA
458,NA,NA,NA,NA,12195.499,12202.399,11072.632,11075.099,NA,NA,NA,NA,NA,NA
459,NA,NA,NA,NA,12202.466,12203.699,11090.199,11091.099,NA,NA,NA,NA,NA,NA
460,NA,NA,NA,NA,12218.466,12219.699,11103.966,11104.099,NA,NA,NA,NA,NA,NA
461,NA,NA,NA,NA,12219.899,12225.332,11104.366,11106.399,NA,NA,NA,NA,NA,NA
462,NA,NA,NA,NA,12249.966,12250.632,11110.932,11112.932,NA,NA,NA,NA,NA,NA
463,NA,NA,NA,NA,12250.699,12278.399,11114.099,11114.232,NA,NA,NA,NA,NA,NA
464,NA,NA,NA,NA,12279.599,12281.432,11117.066,11118.799,NA,NA,NA,NA,NA,NA
465,NA,NA,NA,NA,12281.599,12281.766,11119.666,11126.399,NA,NA,NA,NA,NA,NA
466,NA,NA,NA,NA,12281.799,12281.866,11127.132,11129.399,NA,NA,NA,NA,NA,NA
467,NA,NA,NA,NA,12281.899,12281.932,11129.466,11131.966,NA,NA,NA,NA,NA,NA
468,NA,NA,NA,NA,12281.999,12303.932,11133.166,11133.266,NA,NA,NA,NA,NA,NA
469,NA,NA,NA,NA,12312.666,12312.899,11133.366,11136.866,NA,NA,NA,NA,NA,NA
470,NA,NA,NA,NA,12313.932,12314.099,11150.599,11152.832,NA,NA,NA,NA,NA,NA
471,NA,NA,NA,NA,12314.299,12314.966,11155.366,11155.899,NA,NA,NA,NA,NA,NA
472,NA,NA,NA,NA,12409.132,12417.666,11247.599,11306.799,NA,NA,NA,NA,NA,NA
473,NA,NA,NA,NA,12417.699,12449.866,11309.666,11310.666,NA,NA,NA,NA,NA,NA
474,NA,NA,NA,NA,12449.899,12449.932,11311.432,11311.466,NA,NA,NA,NA,NA,NA
475,NA,NA,NA,NA,12451.532,12453.132,11331.732,11334.499,NA,NA,NA,NA,NA,NA
476,NA,NA,NA,NA,12453.332,12453.399,11339.766,11339.899,NA,NA,NA,NA,NA,NA
477,NA,NA,NA,NA,12453.466,12453.499,11340.799,11340.999,NA,NA,NA,NA,NA,NA
478,NA,NA,NA,NA,12453.566,12455.866,11344.466,11357.166,NA,NA,NA,NA,NA,NA
479,NA,NA,NA,NA,12457.632,12457.966,11358.499,11373.699,NA,NA,NA,NA,NA,NA
480,NA,NA,NA,NA,12458.532,12458.599,11752.899,11753.132,NA,NA,NA,NA,NA,NA
481,NA,NA,NA,NA,12459.532,12540.132,11753.366,11753.566,NA,NA,NA,NA,NA,NA
482,NA,NA,NA,NA,12540.266,12540.466,11753.599,11753.866,NA,NA,NA,NA,NA,NA
483,NA,NA,NA,NA,12540.866,12541.432,11780.299,11780.366,NA,NA,NA,NA,NA,NA
484,NA,NA,NA,NA,12542.566,12543.666,11820.366,11828.166,NA,NA,NA,NA,NA,NA
485,NA,NA,NA,NA,12551.066,12557.666,11901.132,11901.332,NA,NA,NA,NA,NA,NA
486,NA,NA,NA,NA,12559.499,12563.299,11904.699,11905.599,NA,NA,NA,NA,NA,NA
487,NA,NA,NA,NA,12610.066,12616.999,11931.466,11932.266,NA,NA,NA,NA,NA,NA
488,NA,NA,NA,NA,12673.132,12690.832,11933.932,11933.966,NA,NA,NA,NA,NA,NA
489,NA,NA,NA,NA,12690.866,12733.066,11951.566,11958.432,NA,NA,NA,NA,NA,NA
490,NA,NA,NA,NA,12733.132,12780.166,11978.332,11991.966,NA,NA,NA,NA,NA,NA
491,NA,NA,NA,NA,12780.366,12784.399,11993.132,12004.499,NA,NA,NA,NA,NA,NA
492,NA,NA,NA,NA,12784.432,12789.166,12012.432,12012.499,NA,NA,NA,NA,NA,NA
493,NA,NA,NA,NA,12789.266,12789.299,12012.566,12013.432,NA,NA,NA,NA,NA,NA
494,NA,NA,NA,NA,12789.332,12790.299,12015.499,12015.566,NA,NA,NA,NA,NA,NA
495,NA,NA,NA,NA,12790.799,12791.232,12029.799,12030.166,NA,NA,NA,NA,NA,NA
496,NA,NA,NA,NA,12791.299,12795.332,12032.832,12033.099,NA,NA,NA,NA,NA,NA
497,NA,NA,NA,NA,12795.866,12799.632,12065.299,12065.466,NA,NA,NA,NA,NA,NA
498,NA,NA,NA,NA,12802.232,12802.599,12068.032,12068.099,NA,NA,NA,NA,NA,NA
499,NA,NA,NA,NA,12806.466,12807.966,12068.132,12068.266,NA,NA,NA,NA,NA,NA
500,NA,NA,NA,NA,12808.199,12824.399,12080.499,12080.966,NA,NA,NA,NA,NA,NA
501,NA,NA,NA,NA,12825.899,12837.532,12120.099,12120.299,NA,NA,NA,NA,NA,NA
502,NA,NA,NA,NA,12871.799,12871.866,12123.399,12123.466,NA,NA,NA,NA,NA,NA
503,NA,NA,NA,NA,12874.632,12874.732,12123.532,12123.632,NA,NA,NA,NA,NA,NA
504,NA,NA,NA,NA,12875.066,12875.566,12123.832,12123.999,NA,NA,NA,NA,NA,NA
505,NA,NA,NA,NA,12876.466,12891.399,12128.466,12128.866,NA,NA,NA,NA,NA,NA
506,NA,NA,NA,NA,12891.466,12895.199,12135.066,12135.466,NA,NA,NA,NA,NA,NA
507,NA,NA,NA,NA,12895.299,12897.332,12135.599,12135.666,NA,NA,NA,NA,NA,NA
508,NA,NA,NA,NA,12910.999,12925.799,12135.732,12136.099,NA,NA,NA,NA,NA,NA
509,NA,NA,NA,NA,12925.966,12927.166,12137.199,12137.266,NA,NA,NA,NA,NA,NA
510,NA,NA,NA,NA,12931.799,12932.366,12137.632,12138.066,NA,NA,NA,NA,NA,NA
511,NA,NA,NA,NA,12936.566,12937.466,12151.199,12151.332,NA,NA,NA,NA,NA,NA
512,NA,NA,NA,NA,12941.666,12942.732,12152.999,12153.066,NA,NA,NA,NA,NA,NA
513,NA,NA,NA,NA,12942.899,13053.132,12191.166,12191.666,NA,NA,NA,NA,NA,NA
514,NA,NA,NA,NA,13419.832,13419.899,12192.899,12193.099,NA,NA,NA,NA,NA,NA
515,NA,NA,NA,NA,13419.999,13421.166,12193.499,12195.499,NA,NA,NA,NA,NA,NA
516,NA,NA,NA,NA,13424.066,13840.332,12202.399,12202.466,NA,NA,NA,NA,NA,NA
517,NA,NA,NA,NA,13847.099,14238.166,12203.699,12218.466,NA,NA,NA,NA,NA,NA
518,NA,NA,NA,NA,14238.299,14265.999,12219.699,12219.899,NA,NA,NA,NA,NA,NA
519,NA,NA,NA,NA,14370.799,14371.599,12225.332,12249.966,NA,NA,NA,NA,NA,NA
520,NA,NA,NA,NA,14490.265,14490.865,12250.632,12250.699,NA,NA,NA,NA,NA,NA
521,NA,NA,NA,NA,14791.299,14791.599,12278.399,12279.599,NA,NA,NA,NA,NA,NA
522,NA,NA,NA,NA,14791.665,14798.365,12281.432,12281.599,NA,NA,NA,NA,NA,NA
523,NA,NA,NA,NA,14798.632,14803.699,12281.766,12281.799,NA,NA,NA,NA,NA,NA
524,NA,NA,NA,NA,14893.665,14894.499,12281.866,12281.899,NA,NA,NA,NA,NA,NA
525,NA,NA,NA,NA,14894.565,14907.432,12281.932,12281.999,NA,NA,NA,NA,NA,NA
526,NA,NA,NA,NA,15978.499,15983.199,12303.932,12312.666,NA,NA,NA,NA,NA,NA
527,NA,NA,NA,NA,16059.899,16060.232,12312.899,12313.932,NA,NA,NA,NA,NA,NA
528,NA,NA,NA,NA,16060.299,16105.432,12314.099,12314.299,NA,NA,NA,NA,NA,NA
529,NA,NA,NA,NA,16155.365,16169.532,12314.966,12314.999,NA,NA,NA,NA,NA,NA
530,NA,NA,NA,NA,16386.399,16386.599,12407.866,12408.199,NA,NA,NA,NA,NA,NA
531,NA,NA,NA,NA,16386.665,16386.865,12408.332,12408.732,NA,NA,NA,NA,NA,NA
532,NA,NA,NA,NA,16387.132,16388.232,12417.666,12417.699,NA,NA,NA,NA,NA,NA
533,NA,NA,NA,NA,16669.432,16851.899,12449.866,12449.899,NA,NA,NA,NA,NA,NA
534,NA,NA,NA,NA,17021.699,17047.799,12449.932,12451.532,NA,NA,NA,NA,NA,NA
535,NA,NA,NA,NA,17303.199,17305.232,12453.132,12453.332,NA,NA,NA,NA,NA,NA
536,NA,NA,NA,NA,17305.765,17309.632,12453.399,12453.466,NA,NA,NA,NA,NA,NA
537,NA,NA,NA,NA,17425.532,17426.032,12453.499,12453.566,NA,NA,NA,NA,NA,NA
538,NA,NA,NA,NA,17426.132,17429.365,12455.866,12457.632,NA,NA,NA,NA,NA,NA
539,NA,NA,NA,NA,17429.699,17429.732,12457.966,12458.532,NA,NA,NA,NA,NA,NA
540,NA,NA,NA,NA,17483.732,17483.965,12458.599,12459.532,NA,NA,NA,NA,NA,NA
541,NA,NA,NA,NA,17484.665,17590.932,12540.132,12540.266,NA,NA,NA,NA,NA,NA
542,NA,NA,NA,NA,17591.599,17599.999,12540.466,12540.866,NA,NA,NA,NA,NA,NA
543,NA,NA,NA,NA,17600.265,17668.365,12541.432,12542.566,NA,NA,NA,NA,NA,NA
544,NA,NA,NA,NA,17668.932,17668.999,12543.666,12551.066,NA,NA,NA,NA,NA,NA
545,NA,NA,NA,NA,17669.032,17674.765,12557.666,12559.499,NA,NA,NA,NA,NA,NA
546,NA,NA,NA,NA,17677.499,17693.899,12563.299,12568.132,NA,NA,NA,NA,NA,NA
547,NA,NA,NA,NA,17695.032,17699.899,12608.299,12608.399,NA,NA,NA,NA,NA,NA
548,NA,NA,NA,NA,17699.965,17710.899,12616.999,12673.132,NA,NA,NA,NA,NA,NA
549,NA,NA,NA,NA,17712.732,17721.932,12690.832,12690.866,NA,NA,NA,NA,NA,NA
550,NA,NA,NA,NA,17722.932,17723.099,12733.066,12733.132,NA,NA,NA,NA,NA,NA
551,NA,NA,NA,NA,17723.265,17724.632,12780.166,12780.366,NA,NA,NA,NA,NA,NA
552,NA,NA,NA,NA,17752.532,17763.432,12784.399,12784.432,NA,NA,NA,NA,NA,NA
553,NA,NA,NA,NA,17767.099,17767.332,12789.166,12789.266,NA,NA,NA,NA,NA,NA
554,NA,NA,NA,NA,17768.532,17769.465,12789.299,12789.332,NA,NA,NA,NA,NA,NA
555,NA,NA,NA,NA,17769.532,17771.332,12790.299,12790.799,NA,NA,NA,NA,NA,NA
556,NA,NA,NA,NA,17772.199,17778.399,12791.232,12791.299,NA,NA,NA,NA,NA,NA
557,NA,NA,NA,NA,17778.532,17779.432,12795.332,12795.866,NA,NA,NA,NA,NA,NA
558,NA,NA,NA,NA,17823.732,17823.832,12799.632,12802.232,NA,NA,NA,NA,NA,NA
559,NA,NA,NA,NA,17823.865,17824.099,12802.599,12806.466,NA,NA,NA,NA,NA,NA
560,NA,NA,NA,NA,17835.532,17839.232,12807.966,12808.199,NA,NA,NA,NA,NA,NA
561,NA,NA,NA,NA,17842.965,17843.232,12824.399,12825.899,NA,NA,NA,NA,NA,NA
562,NA,NA,NA,NA,17916.632,18020.532,12837.532,12871.799,NA,NA,NA,NA,NA,NA
563,NA,NA,NA,NA,18021.232,18163.232,12871.866,12874.632,NA,NA,NA,NA,NA,NA
564,NA,NA,NA,NA,18216.498,18217.565,12874.732,12875.066,NA,NA,NA,NA,NA,NA
565,NA,NA,NA,NA,18218.365,18284.898,12875.566,12876.466,NA,NA,NA,NA,NA,NA
566,NA,NA,NA,NA,18340.331,18342.165,12891.399,12891.466,NA,NA,NA,NA,NA,NA
567,NA,NA,NA,NA,18352.198,18666.465,12895.199,12895.299,NA,NA,NA,NA,NA,NA
568,NA,NA,NA,NA,18676.465,18751.565,12897.332,12910.999,NA,NA,NA,NA,NA,NA
569,NA,NA,NA,NA,18831.065,18832.198,12925.799,12925.966,NA,NA,NA,NA,NA,NA
570,NA,NA,NA,NA,18836.898,18838.231,12927.166,12931.799,NA,NA,NA,NA,NA,NA
571,NA,NA,NA,NA,18838.265,18838.298,12932.366,12936.566,NA,NA,NA,NA,NA,NA
572,NA,NA,NA,NA,18838.331,18838.565,12937.466,12941.666,NA,NA,NA,NA,NA,NA
573,NA,NA,NA,NA,18840.698,18841.698,12942.732,12942.899,NA,NA,NA,NA,NA,NA
574,NA,NA,NA,NA,18892.798,18895.831,13053.132,13419.832,NA,NA,NA,NA,NA,NA
575,NA,NA,NA,NA,18955.598,18956.765,13419.899,13419.999,NA,NA,NA,NA,NA,NA
576,NA,NA,NA,NA,18956.831,18957.031,13421.166,13424.066,NA,NA,NA,NA,NA,NA
577,NA,NA,NA,NA,18957.298,18957.831,13840.332,13847.099,NA,NA,NA,NA,NA,NA
578,NA,NA,NA,NA,18960.031,18960.098,14238.166,14238.299,NA,NA,NA,NA,NA,NA
579,NA,NA,NA,NA,18961.031,18962.631,14265.999,14268.499,NA,NA,NA,NA,NA,NA
580,NA,NA,NA,NA,18963.865,18967.198,14370.399,14370.799,NA,NA,NA,NA,NA,NA
581,NA,NA,NA,NA,18973.265,18973.931,14371.599,14490.265,NA,NA,NA,NA,NA,NA
582,NA,NA,NA,NA,18973.998,18974.065,14490.865,14526.099,NA,NA,NA,NA,NA,NA
583,NA,NA,NA,NA,18974.198,18974.265,14545.199,14558.232,NA,NA,NA,NA,NA,NA
584,NA,NA,NA,NA,18980.998,19004.898,14783.865,14783.932,NA,NA,NA,NA,NA,NA
585,NA,NA,NA,NA,19005.398,19009.365,14784.099,14785.899,NA,NA,NA,NA,NA,NA
586,NA,NA,NA,NA,19009.398,19009.565,14790.965,14791.299,NA,NA,NA,NA,NA,NA
587,NA,NA,NA,NA,19016.898,19028.231,14791.599,14791.665,NA,NA,NA,NA,NA,NA
588,NA,NA,NA,NA,19030.831,19092.165,14798.365,14798.632,NA,NA,NA,NA,NA,NA
589,NA,NA,NA,NA,19123.031,19133.631,14803.699,14819.599,NA,NA,NA,NA,NA,NA
590,NA,NA,NA,NA,19134.331,19136.065,14819.932,14820.065,NA,NA,NA,NA,NA,NA
591,NA,NA,NA,NA,19141.265,19141.765,14820.432,14821.365,NA,NA,NA,NA,NA,NA
592,NA,NA,NA,NA,19142.198,19142.831,14893.132,14893.665,NA,NA,NA,NA,NA,NA
593,NA,NA,NA,NA,19143.565,19147.031,14894.499,14894.565,NA,NA,NA,NA,NA,NA
594,NA,NA,NA,NA,19147.665,19208.065,14907.432,14939.699,NA,NA,NA,NA,NA,NA
595,NA,NA,NA,NA,19276.598,19276.865,15977.699,15978.499,NA,NA,NA,NA,NA,NA
596,NA,NA,NA,NA,19283.131,19283.298,15983.199,16059.899,NA,NA,NA,NA,NA,NA
597,NA,NA,NA,NA,19284.531,19284.698,16060.232,16060.299,NA,NA,NA,NA,NA,NA
598,NA,NA,NA,NA,19285.165,19286.498,16105.432,16148.032,NA,NA,NA,NA,NA,NA
599,NA,NA,NA,NA,19286.965,19288.665,16152.599,16155.365,NA,NA,NA,NA,NA,NA
600,NA,NA,NA,NA,19289.131,19289.265,16169.532,16175.565,NA,NA,NA,NA,NA,NA
601,NA,NA,NA,NA,19290.165,19291.531,16190.665,16208.199,NA,NA,NA,NA,NA,NA
602,NA,NA,NA,NA,19291.998,19292.398,16242.932,16270.965,NA,NA,NA,NA,NA,NA
603,NA,NA,NA,NA,19292.531,19294.798,16272.432,16316.199,NA,NA,NA,NA,NA,NA
604,NA,NA,NA,NA,19295.031,19296.565,16351.365,16365.065,NA,NA,NA,NA,NA,NA
605,NA,NA,NA,NA,19296.598,19312.631,16375.699,16386.399,NA,NA,NA,NA,NA,NA
606,NA,NA,NA,NA,19312.698,19312.765,16386.599,16386.665,NA,NA,NA,NA,NA,NA
607,NA,NA,NA,NA,19313.065,19328.031,16386.865,16387.132,NA,NA,NA,NA,NA,NA
608,NA,NA,NA,NA,19330.065,19333.631,16388.232,16399.865,NA,NA,NA,NA,NA,NA
609,NA,NA,NA,NA,19334.065,19334.098,16433.399,16444.399,NA,NA,NA,NA,NA,NA
610,NA,NA,NA,NA,19334.131,19334.165,16459.732,16669.432,NA,NA,NA,NA,NA,NA
611,NA,NA,NA,NA,19336.531,19336.998,16851.899,17021.699,NA,NA,NA,NA,NA,NA
612,NA,NA,NA,NA,19337.331,19337.631,17047.799,17048.832,NA,NA,NA,NA,NA,NA
613,NA,NA,NA,NA,19337.765,19337.831,17092.265,17299.199,NA,NA,NA,NA,NA,NA
614,NA,NA,NA,NA,19337.965,19338.165,17305.232,17305.765,NA,NA,NA,NA,NA,NA
615,NA,NA,NA,NA,19339.065,19339.165,17309.632,17425.532,NA,NA,NA,NA,NA,NA
616,NA,NA,NA,NA,19339.698,19339.831,17426.032,17426.132,NA,NA,NA,NA,NA,NA
617,NA,NA,NA,NA,19340.131,19340.398,17429.365,17429.699,NA,NA,NA,NA,NA,NA
618,NA,NA,NA,NA,19340.665,19342.531,17429.732,17430.665,NA,NA,NA,NA,NA,NA
619,NA,NA,NA,NA,19344.798,19346.231,17451.099,17483.732,NA,NA,NA,NA,NA,NA
620,NA,NA,NA,NA,19347.865,19348.165,17483.965,17484.665,NA,NA,NA,NA,NA,NA
621,NA,NA,NA,NA,19348.698,19349.031,17590.932,17591.599,NA,NA,NA,NA,NA,NA
622,NA,NA,NA,NA,19349.065,19349.265,17599.999,17600.265,NA,NA,NA,NA,NA,NA
623,NA,NA,NA,NA,19349.565,19358.431,17668.365,17668.932,NA,NA,NA,NA,NA,NA
624,NA,NA,NA,NA,19361.398,19361.598,17668.999,17669.032,NA,NA,NA,NA,NA,NA
625,NA,NA,NA,NA,19361.698,19372.665,17674.765,17677.499,NA,NA,NA,NA,NA,NA
626,NA,NA,NA,NA,19373.631,19376.165,17693.899,17695.032,NA,NA,NA,NA,NA,NA
627,NA,NA,NA,NA,19377.698,19379.265,17699.899,17699.965,NA,NA,NA,NA,NA,NA
628,NA,NA,NA,NA,19384.298,19385.131,17710.899,17712.732,NA,NA,NA,NA,NA,NA
629,NA,NA,NA,NA,19392.998,19396.065,17721.932,17722.932,NA,NA,NA,NA,NA,NA
630,NA,NA,NA,NA,19396.798,19403.231,17723.099,17723.265,NA,NA,NA,NA,NA,NA
631,NA,NA,NA,NA,19406.698,19412.465,17746.432,17752.532,NA,NA,NA,NA,NA,NA
632,NA,NA,NA,NA,19413.198,19413.731,17763.432,17767.099,NA,NA,NA,NA,NA,NA
633,NA,NA,NA,NA,19417.865,19418.565,17767.332,17768.532,NA,NA,NA,NA,NA,NA
634,NA,NA,NA,NA,19418.765,19419.731,17769.465,17769.532,NA,NA,NA,NA,NA,NA
635,NA,NA,NA,NA,19419.765,19420.098,17771.332,17772.199,NA,NA,NA,NA,NA,NA
636,NA,NA,NA,NA,19420.165,19420.298,17778.399,17778.532,NA,NA,NA,NA,NA,NA
637,NA,NA,NA,NA,19438.031,19442.765,17779.432,17792.132,NA,NA,NA,NA,NA,NA
638,NA,NA,NA,NA,19442.798,19442.831,17823.232,17823.699,NA,NA,NA,NA,NA,NA
639,NA,NA,NA,NA,19494.098,19501.165,17824.632,17826.399,NA,NA,NA,NA,NA,NA
640,NA,NA,NA,NA,19502.565,19502.731,17839.232,17842.965,NA,NA,NA,NA,NA,NA
641,NA,NA,NA,NA,19502.898,19502.965,17843.232,17893.932,NA,NA,NA,NA,NA,NA
642,NA,NA,NA,NA,19503.365,19505.998,17893.932,17916.632,NA,NA,NA,NA,NA,NA
643,NA,NA,NA,NA,19506.331,19520.065,18020.532,18021.232,NA,NA,NA,NA,NA,NA
644,NA,NA,NA,NA,19520.831,19521.765,18163.232,18163.932,NA,NA,NA,NA,NA,NA
645,NA,NA,NA,NA,19527.931,19528.098,18216.098,18216.498,NA,NA,NA,NA,NA,NA
646,NA,NA,NA,NA,19528.398,19531.698,18217.565,18218.365,NA,NA,NA,NA,NA,NA
647,NA,NA,NA,NA,19531.731,19531.765,18284.898,18285.498,NA,NA,NA,NA,NA,NA
648,NA,NA,NA,NA,19531.898,19532.198,18293.165,18296.298,NA,NA,NA,NA,NA,NA
649,NA,NA,NA,NA,19532.698,19533.398,18302.031,18302.098,NA,NA,NA,NA,NA,NA
650,NA,NA,NA,NA,19534.431,19535.765,18319.498,18322.298,NA,NA,NA,NA,NA,NA
651,NA,NA,NA,NA,19537.265,19539.031,18339.865,18340.331,NA,NA,NA,NA,NA,NA
652,NA,NA,NA,NA,19540.031,19540.598,18342.165,18349.831,NA,NA,NA,NA,NA,NA
653,NA,NA,NA,NA,19540.698,19557.265,18666.465,18668.531,NA,NA,NA,NA,NA,NA
654,NA,NA,NA,NA,19990.531,19999.065,18675.865,18676.465,NA,NA,NA,NA,NA,NA
655,NA,NA,NA,NA,19999.331,20020.865,18751.565,18752.198,NA,NA,NA,NA,NA,NA
656,NA,NA,NA,NA,20021.431,20025.665,18830.831,18831.065,NA,NA,NA,NA,NA,NA
657,NA,NA,NA,NA,20025.698,20025.831,18832.198,18836.898,NA,NA,NA,NA,NA,NA
658,NA,NA,NA,NA,20025.998,20026.965,18838.231,18838.265,NA,NA,NA,NA,NA,NA
659,NA,NA,NA,NA,20258.498,20259.531,18838.298,18838.331,NA,NA,NA,NA,NA,NA
660,NA,NA,NA,NA,20270.465,20271.465,18838.565,18840.698,NA,NA,NA,NA,NA,NA
661,NA,NA,NA,NA,20297.165,20297.431,18841.698,18842.365,NA,NA,NA,NA,NA,NA
662,NA,NA,NA,NA,20297.498,20299.731,18877.865,18892.798,NA,NA,NA,NA,NA,NA
663,NA,NA,NA,NA,20300.398,20301.398,18895.831,18939.498,NA,NA,NA,NA,NA,NA
664,NA,NA,NA,NA,20301.531,20303.665,18953.831,18955.598,NA,NA,NA,NA,NA,NA
665,NA,NA,NA,NA,20303.698,20303.731,18956.765,18956.831,NA,NA,NA,NA,NA,NA
666,NA,NA,NA,NA,20303.765,20303.831,18957.031,18957.298,NA,NA,NA,NA,NA,NA
667,NA,NA,NA,NA,20351.898,20358.365,18957.831,18960.031,NA,NA,NA,NA,NA,NA
668,NA,NA,NA,NA,20368.865,20373.731,18960.098,18961.031,NA,NA,NA,NA,NA,NA
669,NA,NA,NA,NA,20382.331,20382.598,18962.631,18963.865,NA,NA,NA,NA,NA,NA
670,NA,NA,NA,NA,20382.965,20393.365,18967.198,18973.265,NA,NA,NA,NA,NA,NA
671,NA,NA,NA,NA,20393.631,20397.765,18973.931,18973.998,NA,NA,NA,NA,NA,NA
672,NA,NA,NA,NA,20397.831,20404.565,18974.065,18974.198,NA,NA,NA,NA,NA,NA
673,NA,NA,NA,NA,20405.798,20410.165,18974.265,18980.998,NA,NA,NA,NA,NA,NA
674,NA,NA,NA,NA,20411.765,20413.431,19004.898,19005.398,NA,NA,NA,NA,NA,NA
675,NA,NA,NA,NA,20420.631,20421.031,19009.365,19009.398,NA,NA,NA,NA,NA,NA
676,NA,NA,NA,NA,20421.498,20421.831,19009.565,19013.565,NA,NA,NA,NA,NA,NA
677,NA,NA,NA,NA,20422.431,20423.498,19028.231,19028.765,NA,NA,NA,NA,NA,NA
678,NA,NA,NA,NA,20423.931,20458.631,19092.165,19092.631,NA,NA,NA,NA,NA,NA
679,NA,NA,NA,NA,20458.665,20460.298,19121.165,19121.298,NA,NA,NA,NA,NA,NA
680,NA,NA,NA,NA,20460.598,20462.098,19133.631,19134.331,NA,NA,NA,NA,NA,NA
681,NA,NA,NA,NA,20466.765,20468.131,19136.065,19141.265,NA,NA,NA,NA,NA,NA
682,NA,NA,NA,NA,20468.198,20476.731,19141.765,19142.198,NA,NA,NA,NA,NA,NA
683,NA,NA,NA,NA,20477.065,20504.798,19142.831,19143.565,NA,NA,NA,NA,NA,NA
684,NA,NA,NA,NA,20523.765,20583.298,19147.031,19147.665,NA,NA,NA,NA,NA,NA
685,NA,NA,NA,NA,20583.365,20584.098,19208.065,19208.865,NA,NA,NA,NA,NA,NA
686,NA,NA,NA,NA,20588.431,20588.765,19276.231,19276.598,NA,NA,NA,NA,NA,NA
687,NA,NA,NA,NA,20588.831,20633.265,19276.865,19283.131,NA,NA,NA,NA,NA,NA
688,NA,NA,NA,NA,20644.631,20645.165,19283.298,19284.531,NA,NA,NA,NA,NA,NA
689,NA,NA,NA,NA,20645.898,20647.431,19284.698,19285.165,NA,NA,NA,NA,NA,NA
690,NA,NA,NA,NA,20648.298,20660.065,19286.498,19286.965,NA,NA,NA,NA,NA,NA
691,NA,NA,NA,NA,20666.298,20668.831,19288.665,19289.131,NA,NA,NA,NA,NA,NA
692,NA,NA,NA,NA,20669.631,20673.298,19289.265,19290.165,NA,NA,NA,NA,NA,NA
693,NA,NA,NA,NA,20685.231,20685.465,19291.531,19291.998,NA,NA,NA,NA,NA,NA
694,NA,NA,NA,NA,20685.531,20701.365,19292.398,19292.531,NA,NA,NA,NA,NA,NA
695,NA,NA,NA,NA,20701.498,20766.865,19294.798,19295.031,NA,NA,NA,NA,NA,NA
696,NA,NA,NA,NA,20768.965,20779.798,19296.565,19296.598,NA,NA,NA,NA,NA,NA
697,NA,NA,NA,NA,21112.365,21113.031,19312.631,19312.698,NA,NA,NA,NA,NA,NA
698,NA,NA,NA,NA,21114.431,21120.098,19312.765,19313.065,NA,NA,NA,NA,NA,NA
699,NA,NA,NA,NA,21121.765,21134.565,19328.031,19330.065,NA,NA,NA,NA,NA,NA
700,NA,NA,NA,NA,21135.098,21137.165,19333.631,19334.065,NA,NA,NA,NA,NA,NA
701,NA,NA,NA,NA,21143.298,21154.431,19334.098,19334.131,NA,NA,NA,NA,NA,NA
702,NA,NA,NA,NA,21156.131,21163.098,19334.165,19336.531,NA,NA,NA,NA,NA,NA
703,NA,NA,NA,NA,21163.131,21163.165,19336.998,19337.331,NA,NA,NA,NA,NA,NA
704,NA,NA,NA,NA,21164.098,21179.031,19337.631,19337.765,NA,NA,NA,NA,NA,NA
705,NA,NA,NA,NA,21179.065,21179.965,19337.831,19337.965,NA,NA,NA,NA,NA,NA
706,NA,NA,NA,NA,21180.098,21227.465,19338.165,19339.065,NA,NA,NA,NA,NA,NA
707,NA,NA,NA,NA,21229.765,21257.498,19339.165,19339.698,NA,NA,NA,NA,NA,NA
708,NA,NA,NA,NA,21257.665,21459.798,19339.831,19340.131,NA,NA,NA,NA,NA,NA
709,NA,NA,NA,NA,21460.865,21463.865,19340.398,19340.665,NA,NA,NA,NA,NA,NA
710,NA,NA,NA,NA,21474.065,21494.331,19342.531,19344.798,NA,NA,NA,NA,NA,NA
711,NA,NA,NA,NA,21494.331,21600,19346.231,19347.865,NA,NA,NA,NA,NA,NA
712,NA,NA,NA,NA,21600,21600,19348.165,19348.698,NA,NA,NA,NA,NA,NA
713,NA,NA,NA,NA,NA,NA,19349.031,19349.065,NA,NA,NA,NA,NA,NA
714,NA,NA,NA,NA,NA,NA,19349.265,19349.565,NA,NA,NA,NA,NA,NA
715,NA,NA,NA,NA,NA,NA,19358.431,19361.398,NA,NA,NA,NA,NA,NA
716,NA,NA,NA,NA,NA,NA,19361.598,19361.698,NA,NA,NA,NA,NA,NA
717,NA,NA,NA,NA,NA,NA,19372.665,19373.631,NA,NA,NA,NA,NA,NA
718,NA,NA,NA,NA,NA,NA,19376.165,19377.698,NA,NA,NA,NA,NA,NA
719,NA,NA,NA,NA,NA,NA,19379.265,19384.298,NA,NA,NA,NA,NA,NA
720,NA,NA,NA,NA,NA,NA,19385.131,19392.998,NA,NA,NA,NA,NA,NA
721,NA,NA,NA,NA,NA,NA,19396.065,19396.798,NA,NA,NA,NA,NA,NA
722,NA,NA,NA,NA,NA,NA,19403.231,19406.698,NA,NA,NA,NA,NA,NA
723,NA,NA,NA,NA,NA,NA,19412.465,19413.198,NA,NA,NA,NA,NA,NA
724,NA,NA,NA,NA,NA,NA,19413.731,19417.865,NA,NA,NA,NA,NA,NA
725,NA,NA,NA,NA,NA,NA,19418.565,19418.765,NA,NA,NA,NA,NA,NA
726,NA,NA,NA,NA,NA,NA,19419.731,19419.765,NA,NA,NA,NA,NA,NA
727,NA,NA,NA,NA,NA,NA,19420.098,19420.165,NA,NA,NA,NA,NA,NA
728,NA,NA,NA,NA,NA,NA,19420.298,19438.031,NA,NA,NA,NA,NA,NA
729,NA,NA,NA,NA,NA,NA,19442.765,19442.798,NA,NA,NA,NA,NA,NA
730,NA,NA,NA,NA,NA,NA,19442.831,19442.998,NA,NA,NA,NA,NA,NA
731,NA,NA,NA,NA,NA,NA,19492.731,19494.098,NA,NA,NA,NA,NA,NA
732,NA,NA,NA,NA,NA,NA,19501.165,19502.565,NA,NA,NA,NA,NA,NA
733,NA,NA,NA,NA,NA,NA,19502.731,19502.898,NA,NA,NA,NA,NA,NA
734,NA,NA,NA,NA,NA,NA,19502.965,19503.365,NA,NA,NA,NA,NA,NA
735,NA,NA,NA,NA,NA,NA,19505.998,19506.331,NA,NA,NA,NA,NA,NA
736,NA,NA,NA,NA,NA,NA,19520.065,19520.831,NA,NA,NA,NA,NA,NA
737,NA,NA,NA,NA,NA,NA,19521.765,19527.931,NA,NA,NA,NA,NA,NA
738,NA,NA,NA,NA,NA,NA,19528.098,19528.398,NA,NA,NA,NA,NA,NA
739,NA,NA,NA,NA,NA,NA,19531.698,19531.731,NA,NA,NA,NA,NA,NA
740,NA,NA,NA,NA,NA,NA,19531.765,19531.898,NA,NA,NA,NA,NA,NA
741,NA,NA,NA,NA,NA,NA,19532.198,19532.698,NA,NA,NA,NA,NA,NA
742,NA,NA,NA,NA,NA,NA,19533.398,19534.431,NA,NA,NA,NA,NA,NA
743,NA,NA,NA,NA,NA,NA,19535.765,19537.265,NA,NA,NA,NA,NA,NA
744,NA,NA,NA,NA,NA,NA,19539.031,19540.031,NA,NA,NA,NA,NA,NA
745,NA,NA,NA,NA,NA,NA,19540.598,19540.698,NA,NA,NA,NA,NA,NA
746,NA,NA,NA,NA,NA,NA,19557.265,19564.765,NA,NA,NA,NA,NA,NA
747,NA,NA,NA,NA,NA,NA,19988.198,19990.531,NA,NA,NA,NA,NA,NA
748,NA,NA,NA,NA,NA,NA,19999.065,19999.331,NA,NA,NA,NA,NA,NA
749,NA,NA,NA,NA,NA,NA,20020.865,20021.431,NA,NA,NA,NA,NA,NA
750,NA,NA,NA,NA,NA,NA,20025.665,20025.698,NA,NA,NA,NA,NA,NA
751,NA,NA,NA,NA,NA,NA,20025.831,20025.998,NA,NA,NA,NA,NA,NA
752,NA,NA,NA,NA,NA,NA,20026.965,20027.331,NA,NA,NA,NA,NA,NA
753,NA,NA,NA,NA,NA,NA,20261.198,20270.465,NA,NA,NA,NA,NA,NA
754,NA,NA,NA,NA,NA,NA,20271.465,20271.765,NA,NA,NA,NA,NA,NA
755,NA,NA,NA,NA,NA,NA,20295.931,20296.365,NA,NA,NA,NA,NA,NA
756,NA,NA,NA,NA,NA,NA,20296.398,20296.498,NA,NA,NA,NA,NA,NA
757,NA,NA,NA,NA,NA,NA,20296.531,20296.565,NA,NA,NA,NA,NA,NA
758,NA,NA,NA,NA,NA,NA,20296.598,20296.631,NA,NA,NA,NA,NA,NA
759,NA,NA,NA,NA,NA,NA,20297.098,20297.165,NA,NA,NA,NA,NA,NA
760,NA,NA,NA,NA,NA,NA,20297.431,20297.498,NA,NA,NA,NA,NA,NA
761,NA,NA,NA,NA,NA,NA,20301.398,20301.531,NA,NA,NA,NA,NA,NA
762,NA,NA,NA,NA,NA,NA,20303.665,20303.698,NA,NA,NA,NA,NA,NA
763,NA,NA,NA,NA,NA,NA,20303.731,20303.765,NA,NA,NA,NA,NA,NA
764,NA,NA,NA,NA,NA,NA,20303.831,20316.498,NA,NA,NA,NA,NA,NA
765,NA,NA,NA,NA,NA,NA,20358.365,20358.531,NA,NA,NA,NA,NA,NA
766,NA,NA,NA,NA,NA,NA,20368.431,20368.865,NA,NA,NA,NA,NA,NA
767,NA,NA,NA,NA,NA,NA,20373.731,20382.331,NA,NA,NA,NA,NA,NA
768,NA,NA,NA,NA,NA,NA,20382.598,20382.965,NA,NA,NA,NA,NA,NA
769,NA,NA,NA,NA,NA,NA,20393.365,20393.631,NA,NA,NA,NA,NA,NA
770,NA,NA,NA,NA,NA,NA,20397.765,20397.831,NA,NA,NA,NA,NA,NA
771,NA,NA,NA,NA,NA,NA,20404.565,20405.798,NA,NA,NA,NA,NA,NA
772,NA,NA,NA,NA,NA,NA,20410.165,20411.765,NA,NA,NA,NA,NA,NA
773,NA,NA,NA,NA,NA,NA,20413.431,20420.631,NA,NA,NA,NA,NA,NA
774,NA,NA,NA,NA,NA,NA,20421.031,20421.498,NA,NA,NA,NA,NA,NA
775,NA,NA,NA,NA,NA,NA,20421.831,20422.431,NA,NA,NA,NA,NA,NA
776,NA,NA,NA,NA,NA,NA,20423.498,20423.931,NA,NA,NA,NA,NA,NA
777,NA,NA,NA,NA,NA,NA,20458.631,20458.665,NA,NA,NA,NA,NA,NA
778,NA,NA,NA,NA,NA,NA,20460.298,20460.598,NA,NA,NA,NA,NA,NA
779,NA,NA,NA,NA,NA,NA,20462.098,20466.765,NA,NA,NA,NA,NA,NA
780,NA,NA,NA,NA,NA,NA,20468.131,20468.198,NA,NA,NA,NA,NA,NA
781,NA,NA,NA,NA,NA,NA,20476.731,20477.065,NA,NA,NA,NA,NA,NA
782,NA,NA,NA,NA,NA,NA,20504.798,20523.765,NA,NA,NA,NA,NA,NA
783,NA,NA,NA,NA,NA,NA,20583.298,20583.365,NA,NA,NA,NA,NA,NA
784,NA,NA,NA,NA,NA,NA,20584.098,20588.431,NA,NA,NA,NA,NA,NA
785,NA,NA,NA,NA,NA,NA,20588.765,20588.831,NA,NA,NA,NA,NA,NA
786,NA,NA,NA,NA,NA,NA,20633.265,20644.631,NA,NA,NA,NA,NA,NA
787,NA,NA,NA,NA,NA,NA,20645.165,20645.898,NA,NA,NA,NA,NA,NA
788,NA,NA,NA,NA,NA,NA,20647.431,20648.298,NA,NA,NA,NA,NA,NA
789,NA,NA,NA,NA,NA,NA,20660.065,20666.298,NA,NA,NA,NA,NA,NA
790,NA,NA,NA,NA,NA,NA,20668.831,20669.631,NA,NA,NA,NA,NA,NA
791,NA,NA,NA,NA,NA,NA,20673.298,20685.231,NA,NA,NA,NA,NA,NA
792,NA,NA,NA,NA,NA,NA,20685.465,20685.531,NA,NA,NA,NA,NA,NA
793,NA,NA,NA,NA,NA,NA,20701.365,20701.498,NA,NA,NA,NA,NA,NA
794,NA,NA,NA,NA,NA,NA,20766.865,20768.965,NA,NA,NA,NA,NA,NA
795,NA,NA,NA,NA,NA,NA,20779.798,20795.865,NA,NA,NA,NA,NA,NA
796,NA,NA,NA,NA,NA,NA,21107.398,21107.598,NA,NA,NA,NA,NA,NA
797,NA,NA,NA,NA,NA,NA,21113.031,21114.431,NA,NA,NA,NA,NA,NA
798,NA,NA,NA,NA,NA,NA,21120.098,21121.765,NA,NA,NA,NA,NA,NA
799,NA,NA,NA,NA,NA,NA,21134.565,21135.098,NA,NA,NA,NA,NA,NA
800,NA,NA,NA,NA,NA,NA,21137.165,21143.298,NA,NA,NA,NA,NA,NA
801,NA,NA,NA,NA,NA,NA,21154.431,21156.131,NA,NA,NA,NA,NA,NA
802,NA,NA,NA,NA,NA,NA,21163.098,21163.131,NA,NA,NA,NA,NA,NA
803,NA,NA,NA,NA,NA,NA,21163.165,21164.098,NA,NA,NA,NA,NA,NA
804,NA,NA,NA,NA,NA,NA,21179.031,21179.065,NA,NA,NA,NA,NA,NA
805,NA,NA,NA,NA,NA,NA,21179.965,21180.098,NA,NA,NA,NA,NA,NA
806,NA,NA,NA,NA,NA,NA,21227.465,21229.765,NA,NA,NA,NA,NA,NA
807,NA,NA,NA,NA,NA,NA,21257.498,21257.665,NA,NA,NA,NA,NA,NA
808,NA,NA,NA,NA,NA,NA,21459.798,21460.865,NA,NA,NA,NA,NA,NA
809,NA,NA,NA,NA,NA,NA,21463.865,21474.065,NA,NA,NA,NA,NA,NA
810,NA,NA,NA,NA,NA,NA,21600,21600,NA,NA,NA,NA,NA,NA
811,NA,NA,NA,NA,NA,NA,NA,NA,NA,NA,NA,NA,NA,NA
